序号,日语词汇,假名,词性,陌生程度,翻译,
1,愛想,あいそう,名詞,9,好感，热情，亲切,
2,相互,そうご,名詞,9,相互,
3,互い,たがい,名詞,9,互相，彼此,
4,好意,こうい,名詞,9,好意，善意,
5,間柄,あいだがら,名詞,9,关系，交情，亲属关系,
6,人柄,ひとがら,名詞,9,人品，品格,
7,花柄,はながら,名詞,9,花纹,
8,大柄,おおがら,名詞/形容動詞,9,身材高大魁梧，大花纹,
9,小柄,こがら,名詞/形容動詞,9,身材矮小，小碎花纹,
10,横柄,おうへい,形容動詞,1次,傲慢，狂妄，目中无人,
11,取り柄,とりえ,名詞,1次,优点，长处,
12,利点,りてん,名詞,9,优点，长处,
13,メリット,めりっと,名詞,9,优点，处，好处,
14,長所,ちょうしょ,名詞,9,长处,
15,美点,びてん,名詞,9,优点,
16,強み,つよみ,名詞,9,强项，优势,
17,アドバンテージ,あどばんてーじ,名詞,9,优势,
18,あえて,あえて,副詞,1次,敢于，硬要；未必，不一定；特意，特别,
19,強いて,しいて,副詞,9,勉强，硬要，强迫,強いる（しいる）：强迫，强制
20,忠告,ちゅうこく,名詞/サ変,9,忠告,
21,告訴,こくそ,名詞/サ変,1次,起诉，控告,
22,訴訟,そしょう,名詞/サ変,1次,诉讼，法律诉讼,
23,悪どい,あくどい,形容詞,9,毒辣，恶劣；过分，花哨,
24,卑劣,ひれつ,形容動詞,9,卑劣,
25,ずるい,ずるい,形容詞,9,狡猾,
26,えげつない,えげつない,形容詞,2次,手段露骨，毫不留情,
27,汚い,きたない,形容詞,1次,手段不光彩，肮脏,
28,強欲,ごうよく,形容動詞,1次,贪婪，欲望强,
29,浅ましい,あさましい,形容詞,9,卑鄙的；可耻的；低劣的；悲惨的；可怜的,
30,遺産,いさん,名詞,9,遗产,
31,遺言,ゆいごん,名詞/サ変,9,遗言,
32,浅い,あさい,形容詞,9,浅的,
33,厚かましい,あつかましい,形容詞,9,厚颜无耻的,図太い（ずぶとい）
34,図々しい,ずうずうしい,形容詞,9,脸皮厚的,
35,恥知らず,はじしらず,名詞/形容動詞,9,不知羞耻,
36,欺く,あざむく,他動詞,9,欺骗，蒙骗,
37,退却,たいきゃく,名詞/サ変,1次,后退，退后,
38,詐欺,さぎ,名詞,9,欺诈，诈骗,
39,騙す,だます,他動詞,9,欺骗，蒙骗，哄骗,
40,脚本,きゃくほん,名詞,9,剧本，台本,
41,映画の脚本を書く,えいがのきゃくほんをかく,短句/動詞句,9,写电影剧本,
42,脚光,きゃっこう,名詞,1次,舞台灯光，公众关注,"裸足（はだし）：没穿鞋
素足（すあし）：自然状态的脚"
43,脚光を浴びる,きゃっこうをあびる,慣用句/動詞句,9,演员登台，上演（崭露头角）,
44,水滴,すいてき,名詞,9,水滴,
45,嘲笑う,あざわらう,他動詞,1次,嘲笑，讥笑，嘲讽,
46,揶揄う,からかう,他動詞,1次,戏弄，嘲笑,
47,嘲る,あざける,他動詞,2次,嘲笑，讥讽,
48,助ける,たすける,他動詞,9,帮助，救助,
49,助かる,たすかる,自動詞,9,获救，得救,
50,求める,もとめる,他動詞,9,要求，寻求,
51,認める,みとめる,他動詞,9,承认，认可,
52,纏める,まとめる,他動詞,9,总结，汇总,
53,戸惑う,とまどう,自動詞,1次,迷茫，困惑,
54,惑う,まどう,自動詞,1次,为难，困惑,
55,彷徨う,さまよう,自動詞,1次,迷茫，流浪,
56,迷う,まよう,自動詞,9,迷惑，迷失,
57,焦る,あせる,自動詞,9,焦躁，着急（一类动词）,
58,褪せる,あせる,自動詞,9,褪色（二类动词）,
59,焦げる,こげる,自動詞,1次,烧焦，烤糊,
60,急ぐ,いそぐ,自他動詞,9,急，忙,
61,慌てる,あわてる,自動詞,9,慌张,
62,いらいら,いらいら,副詞/サ変,9,焦急，烦躁,
63,縮む,ちぢむ,自動詞,9,缩水，缩小,
64,きつい,きつい,形容詞,1次,紧小的；辛苦的；严厉的,
65,丈,たけ,名詞,1次,衣服长度,"竹（たけ）：竹子，竹制品
茸（たけ）：蘑菇，菇类"
66,裾,すそ,名詞,1次,下摆，裤脚；山脚；,"裾野（すその）：山麓，山脚
麓（ふもと）：山麓，山脚
裾上げ：增加裙摆"
67,呆気ない,あっけない,形容詞,1次,令人失望；扫兴,
68,つまらない,つまらない,形容詞,9,无聊的,
69,くだらない,くだらない,形容詞,9,没意思的,
70,退屈,たいくつ,名詞/形容動詞,9,乏味，厌倦,
71,後回し,あとまわし,名詞,1次,推迟，延缓,上回る（うわまわる）：超过，胜过
72,あべこべ,あべこべ,名詞/形容動詞,1次,相反，颠倒,
73,逆,ぎゃく,名詞/形容動詞,9,相反,
74,操る,あやつる,他動詞,1次,操纵；控制；掌握；熟练使用,
75,横領,おうりょう,名詞/サ変,1次,贪污，侵占，挪用,
76,陰,かげ,名詞,9,暗处，背后,影（かげ）：影子，背影，henji
77,操作,そうさ,名詞/サ変,9,操作,
78,支配,しはい,名詞/サ変,9,支配，控制,
79,左右,さゆう,名詞/サ変,9,左右，支配,
80,危ぶむ,あやぶむ,他動詞,9,担心，怀疑，感到危险,
81,遭難,そうなん,名詞/サ変,9,遇难,
82,行方,ゆくえ,名詞,1次,去向，行踪,
83,未だに,いまだに,副詞,1次,至今，尚且,
84,乗組員,のりくみいん,名詞,1次,乘务员,
85,生存,せいぞん,名詞/サ変,1次,生存,
86,行方不明,ゆくえふめい,名詞/形容動詞,9,下落不明,
87,危うい,あやうい,形容詞,9,危险的,
88,危ない,あぶない,形容詞,9,危险的,
89,あやふや,あやふや,形容動詞,9,态度含糊，不清楚,
90,激怒,げきど,名詞/サ変,1次,激怒,怒りをかう：招人生气
91,曖昧,あいまい,形容動詞,9,暧昧，模糊,
92,あべこべ,あべこべ,名詞/形容動詞,9,相反,
93,過ち,あやまち,名詞,9,过错，错误,
94,犯す,おかす,他動詞,9,犯法，犯错,
95,侵す,おかす,他動詞,9,侵犯,
96,過つ,あやまつ,他動詞,9,犯错,
97,誤る,あやまる,他動詞,9,失误,
98,謝る,あやまる,自他動詞,9,道歉,
99,詫びる,わびる,他動詞,9,认错，致歉,
100,予め,あらかじめ,副詞,9,预先，事前,
101,事前に,じぜんに,副詞,9,事先,
102,前もって,まえもって,副詞,1次,提前,に先立って・に先立つ
103,荒っぽい,あらっぽい,形容詞,9,粗野，粗暴,
104,荒い,あらい,形容詞,9,粗暴的,
105,大人っぽい,おとなっぽい,形容詞,9,像大人的,
106,飽きっぽい,あきっぽい,形容詞,9,容易厌倦的,
107,油っぽい,あぶらっぽい,形容詞,9,油腻的,
108,甘っぽい,あまっぽい,形容詞,9,带甜味的,
109,有様,ありさま,名詞,1次,状态，情形,
110,ありのまま,ありのまま,名詞/副詞,1次,真实，如实，不加修饰,
111,有り触れる,ありふれる,自動詞,1次,通常的，不稀奇的,
112,普通,ふつう,名詞/形容動詞,9,普通,
113,珍しい,めずらしい,形容詞,9,罕见的,
114,稀,まれ,形容動詞,1次,稀有的,
115,砕ける,くだける,自動詞,1次,粉碎，破碎；平易近人,
116,暗示,あんじ,名詞/サ変,9,暗示，示意,
117,叫ぶ,さけぶ,自他動詞,9,呼喊,
118,指示,しじ,名詞/サ変,9,指示,
119,明示,めいじ,名詞/サ変,9,明示,
120,示唆,しさ,名詞/サ変,1次,示唆，启发,
121,案じる,あんじる,他動詞,1次,思考，想办法；挂念，担心,
122,成り行き,なりゆき,名詞,1次,发展趋势,
123,心掛ける,こころがける,他動詞,9,留意，惦记,
124,信じる,しんじる,他動詞,9,相信,
125,感じる,かんじる,自他動詞,9,感觉,
126,興じる,きょうじる,自動詞,1次,感到有趣,
127,興味,きょうみ,名詞,9,兴趣,
128,案の定,あんのじょう,副詞,9,果然，不出所料,
129,予想どおり,よそうどおり,名詞/副詞,9,正如预想,
130,案外,あんがい,形容動詞/副詞,9,意外,
131,意外,いがい,形容動詞,9,意外,
132,いい加減,いいかげん,形容動詞/副詞,9,适当；敷衍，不负责任,
133,言い訳,いいわけ,名詞/サ変,9,辩解；道歉,
134,申し訳,もうしわけ,名詞,9,申辩，道歉,
135,如何に,いかに,副詞,1次,无论，不论,
136,热弁,ねつべん,名詞,1次,慷慨陈词,
137,震う,ふるう,自他動詞,1次,振奋，震动,震える：颤抖，发抖，震动
138,どんなに,どんなに,副詞,9,无论如何,
139,いくら,いくら,副詞,9,多少，无论,
140,たとえ～ても,たとえ～ても,接続詞,9,即使...也,
141,もし～ても,もし～ても,接続詞,9,即便,
142,如何にも,いかにも,副詞,1次,果然；的确，显然,果たして（はたして）：果然，毕竟，仍然
143,嘘くさい,うそくさい,形容詞,9,可疑的,
144,粋,いき,名詞/形容動詞,9,潇洒，帅气,"枠（わく）：框架，范围，界限
枠組み（わくぐみ）：框架，结构，体系
枠内（わくない）：框架内，范围内
枠外（わくがい）：框架外，范围外"
145,生き甲斐,いきがい,名詞,1次,生存的意义；生活的价值,
146,生きる,いきる,自動詞,9,生存,
147,甲斐,かい,名詞,9,价值，效果,
148,取り上げる,とりあげる,他動詞,1次,采纳；拿走,
149,意気込む,いきごむ,自動詞,1次,鼓足干劲；振奋精神,
150,幾多,いくた,名詞/副詞,9,几多，许多，多数,
151,乗り越える,のりこえる,他動詞,9,跨越；战胜，客服,
152,夥しい,おびただしい,形容詞,9,很多的,
153,弄る,いじる,他動詞,9,摆弄，玩弄；随便改动,
154,弄ぶ,もてあそぶ,他動詞,9,玩弄，戏弄，摆弄,
155,依然,いぜん,副詞,9,依然，依旧,
156,相変わらず,あいかわらず,副詞,9,照旧,
157,改めて,あらためて,副詞,9,重新,
158,もう一度,もういちど,副詞,9,再一次,
159,重ねて,かさねて,副詞,1次,重复地,
160,再び,ふたたび,副詞,1次,再次,
161,至って,いたって,副詞,9,极其，非常，很,
162,呑気,のんき,形容動詞,9,悠闲,
163,至る,いたる,自動詞,9,到达,
164,とても,とても,副詞,9,非常,
165,非常に,ひじょうに,副詞,9,非常,
166,極めて,きわめて,副詞,9,极其,
167,努める,つとめる,自動詞,1次,努力,
168,努めて,つとめて,副詞,1次,尽力，尽可能,
169,従う,したがう,自動詞,9,服从,
170,従って,したがって,接続詞,9,因此,
171,一概に,いちがいに,副詞,9,一概，一律,一律
172,一同,いちどう,名詞,1次,全体,
173,一様,いちよう,形容動詞,1次,同样,
174,頷く,うなずく,自動詞,1次,点头,
175,俯く,うつむく,自動詞,1次,低头，俯首,
176,一律,いちりつ,名詞/形容動詞,9,一律,
177,一連,いちれん,名詞,9,一连串，一系列,
178,一括,いっかつ,名詞/サ変,9,总汇，总括,
179,括弧,かっこ,名詞,9,括号,
180,審議,しんぎ,名詞/サ変,9,审议,
181,不審者,ふしんしゃ,名詞,9,可疑分子,
182,一気,いっき,副詞,1次,一口气，一下子,
183,鍛える,きたえる,他動詞,9,锻炼,
184,一挙に,いっきょに,副詞,1次,一下子，一举,
185,選挙,せんきょ,名詞/サ変,9,选举,
186,列挙,れっきょ,名詞/サ変,9,列举,
187,巨大,きょだい,形容動詞,9,巨大,
188,距離,きょり,名詞,9,距离,
189,居住地,きょじゅうち,名詞,1次,居住地,
190,一心,いっしん,名詞,1次,一心一意,
191,無事,ぶじ,名詞/形容動詞,9,平安,
192,祈る,いのる,他動詞,9,祈祷,
193,いっそ,いっそ,副詞/名詞,1次,索性，干脆，倒不如,
194,いっそのこと,いっそのこと,副詞,1次,索性,
195,むしろ,むしろ,副詞,9,宁可,
196,一層,いっそう,副詞,9,更，越发,
197,益々,ますます,副詞,9,益发,
198,一変,いっぺん,名詞/サ変,1次,突然改变，为之一变,
199,一目,ひとめ,名詞,9,一眼；乍一看,
200,一目惚れ,ひとめぼれ,名詞/サ変,9,一见钟情,
201,惚れる,ほれる,自動詞,1次,倾心，爱上,
202,意図,いと,名詞/サ変,9,意图，目的，打算,
203,著者,ちょしゃ,名詞,9,著者,
204,図表,ずひょう,名詞,1次,图表,
205,図々しい,ずうずうしい,形容詞,9,厚脸皮,
206,今更,いまさら,副詞,9,现在才，事到如今,
207,謝る,あやまる,自他動詞,9,道歉,
208,謝られる,あやまられる,動詞(受身),9,被道歉,
209,過つ,あやまつ,他動詞,9,犯错,
210,いまだ,いまだ,副詞,1次,尚，仍然,
211,嫌々,いやいや,副詞,1次,不情愿，勉勉强强,
212,会合,かいごう,名詞/サ変,1次,聚会,
213,待ち合わせる,まちあわせる,他動詞,1次,等候，会合,
214,依頼,いらい,名詞/サ変,9,委托,
215,頼む,たのむ,他動詞,9,请求,
216,頼る,たよる,自動詞,9,依靠,
217,頼もしい,たのもしい,形容詞,9,可靠的,
218,時々,ときどき,副詞,9,有时,
219,時折,ときおり,副詞,1次,偶尔,
220,嫌に,いやに,副詞,1次,太，非常，过于,
221,至って,いたって,副詞,9,极其，非常,
222,極めて,きわめて,副詞,9,极其,
223,阴気,いんき,名詞/形容動詞,9,忧郁，阴沉,
224,受け止める,うけとめる,他動詞,1次,接住，挡住；理解,
225,激怒,げきど,名詞/サ変,9,激怒,
226,打ち明ける,うちあける,他動詞,1次,坦率说出，毫不隐瞒,
227,打つ,うつ,他動詞,9,击打,
228,明ける,あける,自動詞,9,破晓；结束,
229,打ち切る,うちきる,他動詞,1次,停止，截至,
230,発掘,はっくつ,名詞/サ変,1次,发掘,
231,退屈,たいくつ,名詞/形容動詞,9,乏味,
232,理屈,りくつ,名詞,9,道理,
233,締め切る,しめきる,他動詞,9,截至,
234,打ち込む,うちこむ,自他動詞,1次,打入；专心致志,
235,専念,せんねん,名詞/サ変,9,专注,
236,取り組み,とりくみ,名詞,1次,举措,
237,落ち込む,おちこむ,自動詞,9,心情低落,
238,思い込む,おもいこむ,他動詞,1次,深信不疑,
239,励む,はげむ,自動詞,9,努力,
240,没頭,ぼっとう,名詞/サ変,1次,埋头,
241,取り組む,とりくむ,自動詞,9,致力于,
242,内訳,うちわけ,名詞,1次,明细，细目,
243,言い訳,いいわけ,名詞/サ変,9,辩解,
244,欝陶しい,うっとうしい,形容詞,1次,阴郁，沉闷；令人烦闷,陰気、落ち込む
245,つまらない,つまらない,形容詞,9,无聊的,
246,呆気ない,あっけない,形容詞,1次,扫兴的,
247,いちいち,いちいち,副詞,9,逐一,
248,指図,さしず,名詞/サ変,1次,指示,
249,俯く,うつむく,自動詞,1次,低下头，垂头,
250,擽る,くすぐる,他動詞,1次,挠痒，挑逗,"きまりわるい、恥ずかしい
てれくさい、くすぐったい"
251,頷く,うなずく,自動詞,1次,点头,
252,見下ろす,みおろす,他動詞,9,俯瞰,
253,見下げる,みさげる,他動詞,9,轻视,
254,虚ろ・空ろ,うつろ,名詞/形容動詞,1次,空虚，空洞；无神，恍惚,空しい・虚しい（むなしい）
255,瞳,ひとみ,名詞,9,眼珠,
256,ぼんやり,ぼんやり,副詞/サ変,9,发呆,
257,器,うつわ,名詞,1次,容器；才干，人才,
258,機器,きき,名詞,9,机器,
259,器用,きよう,形容動詞,9,灵巧,
260,盛る,もる,他動詞,9,盛，堆积,
261,盛る,さかる,自動詞,1次,繁盛,
262,盛大,せいだい,形容動詞,9,盛大,
263,繁盛,はんじょう,名詞/サ変,9,繁盛,
264,繁栄,はんえい,名詞/サ変,9,繁荣,
265,腕,うで,名詞,9,本事,
266,腕前,うでまえ,名詞,9,本领,
267,手,て,名詞,9,手,
268,人手,ひとで,名詞,1次,劳动力,
269,手薄,てうす,名詞/形容動詞,1次,人手不足,
270,手間,てま,名詞,1次,功夫，劳力,
271,腕前,うでまえ,名詞,9,能力，本领，才干,
272,自惚れる,うぬぼれる,自動詞,1次,骄傲，自负，自命不凡,
273,うぬ,うぬ,代名詞,9,自己，你（蔑称）,
274,惚れる,ほれる,自動詞,9,看中，爱上,
275,一目惚れ,ひとめぼれ,名詞/サ変,9,一见钟情,
276,生まれつき,うまれつき,名詞/副詞,9,天生，生来,
277,生まれながら,うまれながら,副詞,9,生来,
278,潤う,うるおう,自動詞,1次,湿润；宽裕、繁荣,
279,懐,ふところ,名詞,1次,腰包，胸襟,
280,儲かる,もうかる,自動詞,9,获利,儲かる・儲ける
281,商う,あきなう,他動詞,1次,交易，买卖,営む（いとなむ）：经营，从事
282,賄う,まかなう,他動詞,1次,供给，提供,賄賂（わいろ）
283,疑う,うたがう,他動詞,9,怀疑,
284,占う,うらなう,他動詞,9,占卜,
285,敬う,うやまう,他動詞,9,尊敬,
286,上回る,うわまわる,他動詞,9,超出，越出,
287,売れ行き,うれゆき,名詞,9,销售情况,
288,大幅,おおはば,名詞/形容動詞,9,大幅,
289,下回る,したまわる,他動詞,9,低于,
290,うんざり,うんざり,副詞/サ変,9,厌烦，厌腻,
291,飽きる,あきる,自動詞,9,厌烦,
292,飽きっぽい,あきっぽい,形容詞,9,易厌倦的,
293,運用,うんよう,名詞/サ変,9,运用,
294,円滑,えんかつ,形容動詞,9,顺利，流畅，圆滑,
295,交渉,こうしょう,名詞/サ変,9,谈判,
296,円高,えんだか,名詞,9,日元升值,
297,円安,えんやす,名詞,9,日元贬值,
298,円満,えんまん,名詞/形容動詞,9,圆满,
299,手順,てじゅん,名詞,9,工作步骤,
300,順調,じゅんちょう,名詞/形容動詞,9,顺利,
301,捗る,はかどる,自動詞,1次,有进展,
302,婉曲,えんきょく,名詞/形容動詞,1次,委婉，婉转,
303,言い回し,いいまわし,名詞,1次,说法,
304,言葉遣い,ことばづかい,名詞,1次,措辞,
305,円満,えんまん,名詞/形容動詞,9,圆满，美满,
306,紛争,ふんそう,名詞,9,纠纷,
307,分析,ぶんせき,名詞/サ変,9,分析,
308,大方,おおかた,名詞/副詞,1次,大家；大部分，大致,
309,予想どおり,よそうどおり,名詞/副詞,9,正如所料,
310,案の定,あんのじょう,副詞,9,果然,
311,当選,とうせん,名詞/サ変,9,当选,
312,選挙,せんきょ,名詞/サ変,9,选举,
313,伺う,うかがう,他動詞,9,拜访；闻,
314,大型,おおがた,名詞,9,大型,
315,一般,いっぱん,名詞,1次,一般；普通人，一般人；相似，相同,
316,大柄,おおがら,名詞/形容動詞,9,大花纹，大骨架,
317,模様,もよう,名詞,9,花纹,
318,似る,にる,自動詞,9,相似,
319,似合う,にあう,自動詞,9,合适,
320,合う,あう,自動詞,9,适合,
321,相応しい,ふさわしい,形容詞,9,相称的,
322,該当,がいとう,名詞/サ変,9,符合,
323,小柄,こがら,名詞/形容動詞,9,身材矮小,
324,間柄,あいだがら,名詞,9,关系,
325,大袈裟,おおげさ,形容動詞,1次,夸大，夸张,
326,誇張,こちょう,名詞/サ変,9,夸张,
327,オーバー,おーばー,名詞/形容動詞/サ変,9,夸张,
328,大筋,おおすじ,名詞,9,梗概，主要经过,
329,披露,ひろう,名詞/サ変,9,披露,
330,本筋,ほんすじ,名詞,9,主要内容,
331,粗筋,あらすじ,名詞,9,梗概,
332,道筋,みちすじ,名詞,1次,路线,
333,一筋,ひとすじ,名詞/形容動詞,1次,一心一意,一心（いっしん）
334,政府筋,せいふすじ,名詞,1次,政府方面,
335,鉄筋,てっきん,名詞,1次,钢筋,
336,筋,すじ,名詞,9,筋，道理,
337,大まか,おおまか,形容動詞,1次,草率，粗略,
338,粗忽,そこつ,名詞/形容動詞,1次,粗心,
339,恐れ入る,おそれいる,自動詞,9,不敢当；佩服；感到意外,
340,ざわと,ざわと,副詞,9,有意,
341,届ける,とどける,他動詞,9,送到,
342,受け取る,うけとる,他動詞,9,领取,
343,受ける,うける,自他動詞,9,接受,
344,引き取る,ひきとる,他動詞,9,取回,
345,感心,かんしん,名詞/形容動詞/サ変,9,钦佩,
346,肝心,かんじん,名詞/形容動詞,9,重要的,
347,大切,たいせつ,名詞/形容動詞,9,重要的,
348,大事,だいじ,名詞/形容動詞,9,重要的,
349,驚く,おどろく,自動詞,9,吃惊,
350,びっくりする,びっくりする,サ変,9,吃惊,
351,呆れる,あきれる,自動詞,9,发愣,
352,仰天,ぎょうてん,名詞/サ変,1次,大惊失色,
353,思いがけない,おもいがけない,形容詞,9,意想不到的,
354,案外,あんがい,形容動詞/副詞,9,意外,
355,意外,いがい,形容動詞,9,意外,
356,恐れ,おそれ,名詞,9,恐惧,
357,恐れる,おそれる,他動詞,9,害怕,
358,恐らく,おそらく,副詞,1次,恐怕,"疎か（おろそか）
愚か（おろか）：糊涂，愚蠢
愚かしい：糊涂的，傻的"
359,感謝,かんしゃ,名詞/サ変,9,感谢,
360,煽てる,おだてる,他動詞,9,奉承，怂恿，夸奖,煽る（あおる）：煽动，鼓吹；夸大
361,落ち込む,おちこむ,自動詞,9,下降；郁闷；落入,
362,不景気,ふけいき,名詞/形容動詞,9,经济萧条,
363,景気,けいき,名詞,9,景气,
364,景色,けしき,名詞,1次,景色,
365,候補,こうほ,名詞,1次,候选人,
366,逮捕,たいほ,名詞/サ変,9,逮捕,
367,ダウン,だうん,名詞/サ変,9,下降,
368,打ち込む,うちこむ,自他動詞,9,投入,
369,押し込む,おしこむ,他動詞,9,塞进,
370,お手上げ,おてあげ,名詞,1次,束手无策，毫无办法,
371,おどおど,おどおど,副詞/サ変,1次,心惊胆颤，惴惴不安,
372,怯える,おびえる,自動詞,9,胆怯,
373,物音,ものおと,名詞,1次,声响,
374,目つき,めつき,名詞,1次,眼神,
375,鋭い,するどい,形容詞,9,尖锐,
376,怖い,こわい,形容詞,9,可怕,
377,脅す,おどす,他動詞,9,威胁，恐吓,
378,汚職,おしょく,名詞,1次,贪污,
379,汚染,おせん,名詞/サ変,9,污染,
380,汚れる,よごれる,自動詞,1次,脏,
381,汚い,きたない,形容詞,1次,肮脏,
382,暴露,ばくろ,名詞/サ変,9,暴露,
383,乱暴,らんぼう,名詞/形容動詞/サ変,9,粗暴,
384,乱れる,みだれる,自動詞,9,紊乱,
385,暴れる,あばれる,自動詞,9,胡闹,
386,荒い,あらい,形容詞,9,粗野,
387,自ずから,おのずから,副詞,9,自然而然地（客观性）,
388,自ずと,おのずと,副詞,9,自然,
389,自然に,しぜんに,副詞,9,自然地,
390,自ら,みずから,名詞/副詞,9,亲自,
391,自分で,じぶんで,副詞,9,自己,
392,興味,きょうみ,名詞,9,兴趣,
393,興奮,こうふん,名詞/サ変,9,兴奋,
394,振興,しんこう,名詞/サ変,9,振兴,
395,興じる,きょうじる,自動詞,9,感到有趣,
396,進める,すすめる,他動詞,9,推进,
397,怯える,おびえる,自動詞,9,害怕，胆怯,
398,小心,しょうしん,名詞/形容動詞,1次,胆怯,
399,臆病,おくびょう,名詞/形容動詞,1次,胆怯；怯懦；懦弱,
400,脅かす,おびやかす,他動詞,9,威胁，威逼,
401,夥しい,おびただしい,形容詞,9,大量，很多,
402,幾多,いくた,名詞/副詞,9,许多,
403,大量,たいりょう,名詞/形容動詞,9,大量,
404,思いつき,おもいつき,名詞,9,偶然的想法、设想,
405,思いつく,おもいつく,他動詞,9,想到，想起,
406,思い切る,おもいきる,自他動詞,9,死心，断念,
407,思い切り,おもいきり,副詞,9,尽情地,
408,思い込む,おもいこむ,他動詞,9,深信,
409,思い出す,おもいだす,他動詞,9,想起,
410,思い出,おもいで,名詞,9,回忆,
411,思いやり,おもいやり,名詞,9,体谅,
412,趣,おもむき,名詞,1次,情趣,
413,赴く,おもむく,自動詞,1次,前往,
414,趣味,しゅみ,名詞,9,兴趣,
415,趣旨,しゅし,名詞,9,主旨,
416,旨,むね,名詞,1次,宗旨，意义,
417,及ぶ,およぶ,自動詞,9,赶得上，匹敌；涉及,
418,足元,あしもと,名詞,9,脚下,
419,皮膚,ひふ,名詞,9,皮肤,
420,疲労,ひろう,名詞/サ変,9,疲劳,
421,波及,はきゅう,名詞/サ変,1次,波及,
422,破壊,はかい,名詞/サ変,1次,破坏,
423,及ぴ,および,接続詞,9,以及,
424,及ぼす,およぼす,他動詞,9,使达到，使影响,
425,追及,ついきゅう,名詞/サ変,9,追究,
426,折り返す,おりかえす,自他動詞,9,返回，反复,
427,急用,きゅうよう,名詞,9,急事,
428,繰り返す,くりかえす,他動詞,9,反复,
429,疎か,おろそか,形容動詞,9,疏忽，怠慢,
430,温和,おんわ,名詞/形容動詞,9,温和（气候）,
431,適す,てきす,自動詞,9,适合,
432,温厚,おんこう,名詞/形容動詞,9,温柔，敦厚,
433,平和,へいわ,名詞/形容動詞,9,和平,
434,和室,わしつ,名詞,9,日式房间,
435,和む,なごむ,自動詞,9,缓和，温和,
436,回収,かいしゅう,名詞/サ変,9,回收,
437,収集,しゅうしゅう,名詞/サ変,9,收集,
438,街頭,がいとう,名詞,9,街头,
439,商店街,しょうてんがい,名詞,9,商店街,
440,繁華街,はんかがい,名詞,9,繁华街,
441,中華街,ちゅうかがい,名詞,9,中华街,
442,街道,かいどう,名詞,9,街道,
443,街角,まちかど,名詞,9,街角,
444,該当,がいとう,名詞/サ変,9,符合，适合,
445,丸印,まるじるし,名詞,9,圆圈,
446,介抱,かいほう,名詞/サ変,9,护理，服侍,
447,介護,かいご,名詞/サ変,9,看护,
448,世話をする,せわをする,動詞句,9,照料,
449,面倒を見る,めんどうをみる,動詞句,9,照顾,
450,辛抱,しんぼう,名詞/サ変,9,忍耐,
451,我慢,がまん,名詞/サ変,9,忍受,
452,顧みる,かえりみる,他動詞,9,回顾,
453,省みる,かえりみる,他動詞,9,反省,
454,反省,はんせい,名詞/サ変,9,反省,
455,省略,しょうりゃく,名詞/サ変,9,省略,
456,省く,はぶく,他動詞,9,省略,
457,振り向く,ふりむく,自動詞,9,回头看,
458,振り返る,ふりかえる,他動詞,9,回顾,
459,顔つき,かおつき,名詞,9,相貌，样子,
460,顔色,かおいろ,名詞,9,脸色,
461,目つき,めつき,名詞,9,眼神,
462,体つき,からだつき,名詞,9,体态,
463,格差,かくさ,名詞,9,差别，差距,
464,待遇,たいぐう,名詞/サ変,9,待遇,
465,差別待遇,さべつたいぐう,名詞,9,差别待遇,
466,嵩張る,かさばる,自動詞,9,体积大，占地方,
467,嵩,かさ,名詞,9,体积,
468,嵩む,かさむ,自動詞,9,数量多，费用多,
469,冠婚葬祭,かんこんそうさい,名詞,9,婚丧嫁娶,
470,出費,しゅっぴ,名詞/サ変,9,花费,
471,微か,かすか,形容動詞,9,微弱的，隐约的,
472,波,なみ,名詞,9,波浪,
473,霞む,かすむ,自動詞,9,变得模糊，隐约,
474,ぼんやり,ぼんやり,副詞/サ変,9,模糊,
475,過疎,かそ,名詞/形容動詞,9,人口过稀,
476,悩む,なやむ,自動詞,9,苦恼,
477,悩ます,なやます,他動詞,9,使苦恼,
478,疎通,そつう,名詞/サ変,9,疏通,
479,疎か,おろそか,形容動詞,9,疏忽,
480,疎い,うとい,形容詞,9,疏远，生疏,
481,過密,かみつ,名詞/形容動詞,9,过密,
482,片言,かたこと,名詞,9,只言片语,
483,片手,かたて,名詞,9,单手,
484,片思う,かたおもう,他動詞,9,单相思,
485,破片,はへん,名詞,9,碎片,
486,一言,ひとこと,名詞,9,一句话,
487,言語,げんご,名詞,9,语言,
488,言葉,ことば,名詞,9,言词,
489,遺言,ゆいごん,名詞/サ変,9,遗言,
490,伝言,でんごん,名詞/サ変,9,传话,
491,画期的,かっきてき,形容動詞,9,划时代的,
492,画家,がか,名詞,9,画家,
493,映画,えいが,名詞,9,电影,
494,絵画,かいが,名詞,9,绘画,
495,企画,きかく,名詞/サ変,9,企划,
496,計画,けいかく,名詞/サ変,9,计划,
497,がっくり,がっくり,副詞,9,突然无力的；灰心,
498,完走,かんそう,名詞/サ変,9,跑完全程,
499,膝,ひざ,名詞,9,膝盖,
500,がっかり,がっかり,副詞/サ変,9,失望,
501,落ち込む,おちこむ,自動詞,9,消沉,
502,落胆,らくたん,名詞/サ変,9,消沉，气馁,
503,がっしり,がっしり,副詞,9,粗壮，健壮,
504,しっかり,しっかり,副詞/サ変,9,可靠，稳固,
505,合致,がっち,名詞/サ変,9,一致，吻合,
506,似合う,にあう,自動詞,9,合适,
507,合う,あう,自動詞,9,匹配,
508,相応しい,ふさわしい,形容詞,9,适合,
509,がっちり,がっちり,副詞/サ変,9,牢固，坚固；紧紧地,
510,曾て,かつて,副詞,9,过去的，曾经,
511,叶う,かなう,自動詞,9,实现,
512,予て,かねて,副詞,9,很早以前,
513,予め,あらかじめ,副詞,9,事先,
514,前もって,まえもって,副詞,9,提前,
515,事前に,じぜんに,副詞,9,事前,
516,とっくに,とっくに,副詞,9,早已,
517,庇う,かばう,他動詞,9,包庇，袒护,
518,加担,かたん,名詞/サ変,9,加担，支持,
519,担ぐ,かつぐ,他動詞,9,扛,
520,担う,になう,他動詞,9,担负,
521,かぶれる,かぶれる,自動詞,9,炎症；沉迷,
522,化粧品,けしょうひん,名詞,9,化妆品,
523,過疎化,かそか,名詞/サ変,9,过疏化,
524,近代化,きんだいか,名詞/サ変,9,近代化,
525,化学,かがく,名詞,9,化学,
526,すっかり,すっかり,副詞,9,完全,
527,しっかり,しっかり,副詞/サ変,9,踏实,
528,がっかり,がっかり,副詞/サ変,9,失望,
529,夢中,むちゅう,名詞/形容動詞,9,热衷,
530,耽る,ふける,自動詞,9,沉溺,
531,加味,かみ,名詞/サ変,9,加进，采纳,
532,加える,くわえる,他動詞,9,添加,
533,添える,そえる,他動詞,9,附加,
534,増える,ふえる,自動詞,9,增加,
535,増やす,ふやす,他動詞,9,增加,
536,増す,ます,自他動詞,9,增多,
537,味,あじ,名詞,9,味道,
538,味わう,あじわう,他動詞,9,品味,
539,趣味,しゅみ,名詞,9,兴趣,
540,体つき,からだつき,名詞,9,体形，身材,
541,目つき,めつき,名詞,9,眼神,
542,顔つき,かおつき,名詞,9,神态,
543,絡む,からむ,自動詞,9,找茬；密切相关,
544,義理,ぎり,名詞,9,人情,
545,危ぶむ,あやぶむ,他動詞,9,担心,
546,意気込む,いきごむ,自動詞,9,振奋,
547,嵩む,かさむ,自動詞,9,费用多,
548,霞む,かすむ,自動詞,9,模糊,
549,挑む,いどむ,自動詞,9,挑战,
550,否む,いなむ,他動詞,9,否定,
551,好む,このむ,他動詞,9,中意,
552,妬む,ねたむ,他動詞,9,嫉妒,
553,涸れる,かれる,自動詞,9,干涸；才尽,
554,材料,ざいりょう,名詞,9,材料,
555,木材,もくざい,名詞,9,木材,
556,才能,さいのう,名詞,9,才能,
557,枯れる,かれる,自動詞,9,干枯,
558,渇く,かわく,自動詞,9,渴,
559,乾く,かわく,自動詞,9,干,
560,かろうじて,かろうじて,副詞,9,好不容易才；险些,
561,逃れる,のがれる,自動詞,9,逃脱,
562,逃す,のがす,他動詞,9,错过,
563,やっと,やっと,副詞,9,终于,
564,ようやく,ようやく,副詞,9,好不容易,
565,何とか,なんとか,副詞,9,想方设法,
566,交わす,かわす,他動詞,9,相互交换（抽象）,
567,還元,かんげん,名詞/サ変,9,归还（利润、社会）,
568,返還,へんかん,名詞/サ変,9,归还（领土）,
569,領地,りょうち,名詞,9,领地,
570,返済,へんさい,名詞/サ変,9,还债,
571,返却,へんきゃく,名詞/サ変,9,还书、钱,
572,頑丈,がんじょう,形容動詞,9,健壮，强壮,
573,頑張る,がんばる,自動詞,9,加油,
574,がっしり,がっしり,副詞,9,强健,
575,しっかり,しっかり,副詞/サ変,9,稳固,
576,がっちり,がっちり,副詞/サ変,9,扎实,
577,丈夫,じょうぶ,名詞/形容動詞,9,坚固,
578,肝心,かんじん,名詞/形容動詞,9,重要，首要,
579,気を取られる,きをとられる,動詞句,9,被吸引注意力,
580,重要,じゅうよう,名詞/形容動詞,9,重要,
581,大事,だいじ,名詞/形容動詞,9,大事,
582,大切,たいせつ,名詞/形容動詞,9,重要,
583,見落とす,みおとす,他動詞,9,忽略,
584,見逃す,みのがす,他動詞,9,放过,
585,用心,ようじん,名詞/サ変,9,留神,
586,感心,かんしん,名詞/形容動詞/サ変,9,佩服,
587,完璧,かんぺき,名詞/形容動詞,9,完美,
588,寛容,かんよう,名詞/形容動詞,9,宽容,
589,臨む,のぞむ,自動詞,9,面临,
590,望む,のぞむ,他動詞,9,希望,
591,望ましい,のぞましい,形容詞,9,符合愿望的,
592,元来,がんらい,副詞,9,原来，本来,
593,元日,がんじつ,名詞,9,元旦,
594,元旦,がんたん,名詞,9,元旦,
595,貫禄,かんろく,名詞,9,尊严，威严,
596,習慣,しゅうかん,名詞,9,习惯,
597,記録,きろく,名詞/サ変,9,记录,
598,一貫,いっかん,名詞/サ変,9,一贯,
599,貫く,つらぬく,他動詞,9,贯彻,
600,着飾る,きかざる,他動詞,9,盛装打扮,
601,思い切り,おもいきり,副詞,9,尽情地,
602,着替える,きがえる,他動詞,9,换衣服,
603,気兼ね,きがね,名詞/サ変,9,顾虑，拘谨,
604,気軽,きがる,形容動詞,9,舒畅，爽快,
605,効き目,ききめ,名詞,9,效验，效力,
606,塩分,えんぶん,名詞,9,盐分,
607,近頃,ちかごろ,名詞/副詞,9,近来,
608,安定,あんてい,名詞/サ変,9,安定,
609,役目,やくめ,名詞,9,任务,
610,役に立つ,やくにたつ,動詞句,9,有用,
611,役割,やくわり,名詞,9,角色,
612,気障,きざ,名詞/形容動詞,9,装模做样，摆架子,
613,紳士,しんし,名詞,9,绅士,
614,振る舞い,ふるまい,名詞,9,举止,
615,障害,しょうがい,名詞,9,障碍,
616,兆し,きざし,名詞,9,兆头，征兆,
617,罪,つみ,名詞,9,罪,
618,兆す,きざす,自動詞,9,显露征兆,
619,兆候,ちょうこう,名詞,9,兆候,
620,築く,きずく,他動詞,9,建立，筑成,
621,新築,しんちく,名詞/サ変,9,新建筑,
622,構築,こうちく,名詞/サ変,9,构建,
623,建築,けんちく,名詞/サ変,9,建筑,
624,気立て,きだて,名詞,9,性情，脾气,
625,几帳面,きちょうめん,形容動詞,9,规规矩矩，一丝不苟,
626,口喧しい,くちやかましい,形容詞,9,唠叨,
627,喧しい,やかましい,形容詞,9,嘈杂,
628,真面目,まじめ,名詞/形容動詞,9,认真,
629,真剣,しんけん,名詞/形容動詞,9,认真,
630,生真面目,きまじめ,形容動詞,9,一本正经,
631,きっちり,きっちり,副詞,9,准时；严丝合缝,
632,きっかり,きっかり,副詞,9,恰好,
633,かっきり,かっきり,副詞,9,正好,
634,ぴったり,ぴったり,副詞/サ変,9,严实,
635,きっぱり,きっぱり,副詞,9,果断，斩钉截铁（拒绝）,
636,押し売り,おしうり,名詞/サ変,9,强行兜售,
637,さっぱり,さっぱり,副詞/サ変,9,清淡；爽快,
638,気品,きひん,名詞,9,品格，气度,
639,巧み,たくみ,名詞/形容動詞,9,巧妙,
640,気立て,きだて,名詞,9,性情,
641,気障,きざ,名詞/形容動詞,9,做作,
642,気柄,きがら,名詞,9,品格,
643,起伏,きふく,名詞/サ変,9,起伏，起落,
644,谷,たに,名詞,9,山谷,
645,企画,きかく,名詞/サ変,9,企划,
646,復習,ふくしゅう,名詞/サ変,9,复习,
647,気まぐれ,きまぐれ,名詞/形容動詞,9,心血来潮，反复无常,
648,生真面目,きまじめ,形容動詞,9,一本正经,
649,決まり悪い,きまりわるい,形容詞,9,不好意思，难为情,
650,モジモジ,もじもじ,副詞/サ変,9,蠕动，扭捏,
651,捩る,もじる,他動詞,9,扭歪,
652,恥ずかしい,はずかしい,形容詞,9,害羞,
653,照れくさい,てれくさい,形容詞,9,害羞,
654,くすぐったい,くすぐったい,形容詞,9,难为情,
655,照れる,てれる,自動詞,9,害羞,
656,華奢,きゃしゃ,形容動詞,9,苗条，纤细,
657,細い,ほそい,形容詞,9,细的,
658,細かい,こまかい,形容詞,9,细小的,
659,繊細,せんさい,形容動詞,9,细腻,
660,奢る,おごる,他動詞,9,奢侈；请客,
661,贅沢,ぜいたく,名詞/形容動詞,9,奢侈,
662,誘う,さそう,他動詞,9,邀请,
663,招待,しょうたい,名詞/サ変,9,招待,
664,脚本,きゃくほん,名詞,9,剧本,
665,水滴,すいてき,名詞,9,水滴,
666,究極,きゅうきょく,名詞,9,最终，极端,
667,納得,なっとく,名詞/サ変,9,领会,
668,研究,けんきゅう,名詞/サ変,9,研究,
669,積極,せっきょく,名詞,9,积极,
670,極める,きわめる,他動詞,9,达到极限,
671,窮屈,きゅうくつ,形容動詞,9,紧；拘束,
672,縮む,ちぢむ,自動詞,9,收缩,
673,きつい,きつい,形容詞,9,紧的,
674,だぶだぶ,だぶだぶ,副詞/形容動詞,9,肥大,
675,ぶかぶか,ぶかぶか,副詞/形容動詞,9,肥大,
676,窮地,きゅうち,名詞,9,困境,
677,退屈,たいくつ,名詞/形容動詞,9,无聊,
678,理屈,りくつ,名詞,9,道理,
679,発掘,はっくつ,名詞/サ変,9,发掘,
680,束縛,そくばく,名詞/サ変,9,束缚,
681,ゆとり,ゆとり,名詞,9,宽裕,
682,驚異,きょうい,名詞,9,惊异，惊奇,
683,警察,けいさつ,名詞,9,警察,
684,尊敬,そんけい,名詞/サ変,9,尊敬,
685,驚く,おどろく,自動詞,9,吃惊,
686,異なる,ことなる,自動詞,9,不同,
687,不思議,ふしぎ,名詞/形容動詞,9,不可思议,
688,呆れる,あきれる,自動詞,9,愕然,
689,びっくりする,びっくりする,サ変,9,大吃一惊,
690,仰天,ぎょうてん,名詞/サ変,9,惊天动地,
691,境遇,きょうぐう,名詞,9,环境，处境,
692,引き離す,ひきはなす,他動詞,9,拉开,
693,孤独,こどく,名詞/形容動詞,9,孤独,
694,極端,きょくたん,名詞/形容動詞,9,极端，过火,
695,積極,せっきょく,名詞,9,积极,
696,究極,きゅうきょく,名詞,9,究极,
697,清らか,きよらか,形容動詞,9,纯净，洁净,
698,瞳,ひとみ,名詞,9,瞳孔,
699,あどけない,あどけない,形容詞,9,天真,
700,無邪気,むじゃき,名詞/形容動詞,9,无邪,
701,清い,きよい,形容詞,9,清澈,
702,清々しい,すがすがしい,形容詞,9,清新,
703,綺羅びやか,きらびやか,形容動詞,9,华丽，绚丽夺目,
704,花嫁,はなよめ,名詞,9,新娘,
705,衣装,いしょう,名詞,9,衣装,
706,服装,ふくそう,名詞,9,服装,
707,華々しい,はなばなしい,形容詞,9,华丽,
708,煌めく,きらめく,自動詞,9,闪耀,
709,キラキラ,きらきら,副詞/サ変,9,一闪一闪,
710,輝く,かがやく,自動詞,9,辉煌,
711,賑わう,にぎわう,自動詞,9,热闹,
712,賑やか,にぎやか,形容動詞,9,热闹,
713,穏やか,おだやか,形容動詞,9,稳静,
714,爽やか,さわやか,形容動詞,9,爽朗,
715,切り替える,きりかえる,他動詞,9,转换，改换,
716,極めて,きわめて,副詞,9,极其，非常,
717,吟味,ぎんみ,名詞/サ変,9,斟酌，挑选,
718,禁物,きんもつ,名詞,9,切忌，禁忌,
719,漬物,つけもの,名詞,9,咸菜,
720,漬ける,つける,他動詞,9,浸泡,
721,薬漬け,くすりづけ,名詞,9,长期服药,
722,荷物,にもつ,名詞,9,行李,
723,作物,さくもつ,名詞,9,作物,
724,书物,しょもつ,名詞,9,书物,
725,食物,しょくもつ,名詞,9,食物,
726,動物,どうぶつ,名詞,9,动物,
727,植物,しょくぶつ,名詞,9,植物,
728,品物,しなもの,名詞,9,物品,
729,伪物,にせもの,名詞,9,伪造品,
730,食い違う,くいちがう,自動詞,9,不一致，有分歧,
731,合致,がっち,名詞/サ変,9,吻合,
732,擦れ違う,すれちがう,自動詞,9,擦肩而过,
733,行き違う,ゆきちがう,自動詞,9,错过,
734,くすぐったい,くすぐったい,形容詞,9,难为情,
735,决まり悪い,きまりわるい,形容詞,9,不好意思,
736,照れくさい,てれくさい,形容詞,9,害羞,
737,恥ずかしい,はずかしい,形容詞,9,可耻,
738,愚痴,ぐち,名詞,9,发牢骚，抱怨,
739,愚痴をこぼす,ぐちをこぼす,動詞句,9,发牢骚,
740,境遇,きょうぐう,名詞,9,境遇,
741,偶然,ぐうぜん,名詞/形容動詞/副詞,9,偶然,
742,知恵,ちえ,名詞,9,智慧,
743,不满,ふまん,名詞/形容動詞,9,不满,
744,不平,ふへい,名詞/形容動詞,9,不平,
745,文句,もんく,名詞,9,怨言,
746,苦情,くじょう,名詞,9,苦衷，抱怨,
747,口ずさむ,くちずさむ,他動詞,9,哼，吟，诵,
748,唱える,となえる,他動詞,9,诵，倡导,
749,朽ちる,くちる,自動詞,9,腐朽，衰败,
750,語る,かたる,他動詞,9,叙述,
751,継ぐ,つぐ,他動詞,9,继承,
752,語り継ぐ,かたりつぐ,他動詞,9,传颂,
753,腐る,くさる,自動詞,9,腐烂,
754,腐っても鯛,くさってもたい,慣用句,9,瘦死的骆驼比马大,
755,衰える,おとろえる,自動詞,9,衰落,
756,廃れる,すたれる,自動詞,9,废弛,
757,錆,さび,名詞,9,锈,
758,覆す,くつがえす,他動詞,9,推翻（抽象）,
759,定説,ていせつ,名詞,9,公认的说法,
760,覆う,おおう,他動詞,9,遮盖,
761,被る,かぶる,他動詞,9,覆盖,
762,窟,くつ,名詞,9,洞穴,
763,石窟,せっくつ,名詞,9,石窟,
764,くっきり,くっきり,副詞,9,清楚，显眼,
765,はっきり,はっきり,副詞/サ変,9,清楚,
766,屈折,くっせつ,名詞/サ変,9,歪曲；弯曲,
767,石窟,せっくつ,名詞,9,石窟,
768,穷屈,きゅうくつ,形容動詞,9,窄小,
769,ぐっと,ぐっと,副詞,9,一下子，一气的,
770,玄人,くろうと,名詞,9,内行，专家,
771,書道,しょうどう,名詞,9,书法,
772,腕前,うでまえ,名詞,9,才干,
773,素人,しろうと,名詞,9,外行,
774,軽率,けいそつ,名詞/形容動詞,9,轻率，草率,
775,汚らわしい,けがらわしい,形容詞,9,卑鄙，肮脏,
776,噂話,うわさばなし,名詞,9,闲话,
777,汚い,きたない,形容詞,9,脏,
778,汚れる,よごれる,自動詞,9,脏,
779,卑しい,いやしい,形容詞,9,卑贱,
780,げっそり,げっそり,副詞/サ変,9,消瘦；灰心,
781,落ち込む,おちこむ,自動詞,9,失落,
782,がっかり,がっかり,副詞/サ変,9,失望,
783,沈む,しずむ,自動詞,9,低落,
784,欠乏,けつぼう,名詞/サ変,9,缺乏，缺少,
785,贫乏,びんぼう,名詞/形容動詞,9,贫穷,
786,贫困,ひんこん,名詞/形容動詞,9,贫困,
787,不可欠,ふかけつ,名詞/形容動詞,9,不可缺少,
788,贫しい,まずしい,形容詞,9,贫苦,
789,乏しい,とぼしい,形容詞,9,乏味,
790,閉じる,とじる,自他動詞,9,关闭,
791,閉じ込める,とじこめる,他動詞,9,禁闭,
792,掛ける,かける,他動詞,9,悬挂,
793,架ける,かける,他動詞,9,架桥,
794,駆ける,かける,自動詞,9,奔跑,
795,赴く,おもむく,自動詞,9,奔赴,
796,赌ける,かける,他動詞,9,赌博,
797,追う,おう,他動詞,9,追赶,
798,蹴飛ばす,けとばす,他動詞,9,拒绝（踢飞）,
799,申し出,もうしで,名詞,9,提议,
800,蹴る,ける,他動詞,9,踢,
801,飛ばす,とばす,他動詞,9,飞,
802,断る,ことわる,他動詞,9,拒绝,
803,拒む,こばむ,他動詞,9,阻拦,
804,贬す,けなす,他動詞,9,贬低，贬斥,
805,気に入り,きにいり,名詞,9,喜欢,
806,贬める,おとしめる,他動詞,9,蔑视,
807,軽蔑,けいべつ,名詞/サ変,9,轻蔑,
808,見下ろす,みおろす,他動詞,9,俯视,
809,舐める,なめる,他動詞,9,舔；轻视,
810,健在,けんざい,名詞/形容動詞,9,健在,
811,健全,けんぜん,名詞/形容動詞,9,身心健全,
812,肉体,にくたい,名詞,9,肉体,
813,兼ね備える,かねそなえる,他動詞,9,兼备,
814,見地,けんち,名詞,9,观点，立场,
815,検知,けんち,名詞/サ変,9,检测,
816,見解,けんかい,名詞,9,见解,
817,見当,けんとう,名詞/サ変,9,推测,
818,見当がつく,けんとうがつく,動詞句,9,猜到,
819,見境,みさかい,名詞,9,见地,
820,厳密,げんみつ,名詞/形容動詞,9,严密，周密,
821,賢明,けんめい,名詞/形容動詞,9,明智，高明,
822,好意,こうい,名詞,9,好感，美意,
823,密か,ひそか,形容動詞,9,秘密,
824,愛想,あいそう,名詞,9,热情,
825,慕う,したう,他動詞,9,爱慕,
826,好況,こうきょう,名詞,9,繁荣，景气,
827,兆し,きざし,名詞,9,兆头,
828,景気,けいき,名詞,9,景气,
829,控除,こうじょ,名詞/サ変,9,扣除,
830,扶養控除,ふようこうじょ,名詞,9,扶养扣除,
831,受ける,うける,他動詞,9,获得,
832,受けられる,うけられる,動詞(可能),9,可以获得,
833,排除,はいじょ,名詞/サ変,9,排除,
834,削除,さくじょ,名詞/サ変,9,删除,
835,免除,めんじょ,名詞/サ変,9,免除,
836,向上,こうじょう,名詞/サ変,9,向上,
837,除く,のぞく,他動詞,9,除外,
838,覗く,のぞく,他動詞,9,窥视,
839,高尚,こうしょう,名詞/形容動詞,9,高雅，高深,
840,鑑賞,かんしょう,名詞/サ変,9,鉴赏,
841,演奏,えんそう,名詞/サ変,9,演奏,
842,実に,じつに,副詞,9,实在,
843,巧妙,こうみょう,形容動詞,9,巧妙（多指手段）,
844,诈欺师,さぎし,名詞,9,诈骗犯,
845,手口,てぐち,名詞,9,做法,
846,奇妙,きみょう,名詞/形容動詞,9,奇妙,
847,不思議,ふしぎ,名詞/形容動詞,9,不可思议,
848,微妙,びみょう,名詞/形容動詞,9,微妙,
849,巧み,たくみ,名詞/形容動詞,9,巧妙,
850,器用,きよう,名詞/形容動詞,9,手巧,
851,心地,ここち,名詞,9,感觉,
852,心地がする,ここちがする,動詞句,9,产生感觉,
853,寝心地,ねごこち,名詞,9,睡眠舒适感,
854,居心地,いごこち,名詞,9,居留舒适感,
855,心得,こころえ,名詞,9,经验，心得,
856,失格,しっかく,名詞/サ変,9,不合格,
857,心がける,こころがける,他動詞,9,注意，留心,
858,普段,ふだん,名詞/副詞,9,平常,
859,志す,こころざす,他動詞,9,立志，志向,
860,目指す,めざす,他動詞,9,以...为目标,
861,狙う,ねらう,他動詞,9,瞄准,
862,憧れる,あこがれる,自動詞,9,向往,
863,心強い,こころづよい,形容詞,9,放心，有底,
864,味方,みかた,名詞,9,盟友,
865,見方,みかた,名詞,9,看法,
866,心细い,こころぼそい,形容詞,9,心里没底,
867,心構え,こころがまえ,名詞,9,心理准备,
868,心当たり,こころあたり,名詞,9,线索,
869,心配,しんぱい,名詞/形容動詞/サ変,9,担心,
870,心配り,こころくばり,名詞/サ変,9,关怀,
871,心遣い,こころづかい,名詞/サ変,9,关照,
872,試みる,こころみる,他動詞,9,尝试,
873,試す,ためす,他動詞,9,试图,
874,試しに,ためしに,副詞,9,试着,
875,快い,こころよい,形容詞,9,惬意；爽快,
876,夕方,ゆうかた,名詞,9,傍晚,
877,頬,ほお,名詞,9,脸颊,
878,愉快,ゆかい,名詞/形容動詞,9,愉快,
879,潔く,いさぎよく,副詞/形容詞,9,干脆,
880,きっぱり,きっぱり,副詞,9,果断,
881,拗れる,こじれる,自動詞,9,复杂化；别扭,
882,手がつけられない,てがつっけられない,動詞句,9,束手无策,
883,拘る,こだわる,自動詞,9,拘泥，执着,
884,拘り,こだわり,名詞,9,执着,
885,执着,しゅうちゃく,名詞/サ変,9,执着,
886,执念,しゅうねん,名詞,9,执念,
887,しつこい,しつこい,形容詞,9,顽固的,
888,夸张,こちょう,名詞/サ変,9,夸张，夸大,
889,夸る,ほこる,自他動詞,9,夸耀,
890,夸りを持つ,ほこりをもつ,動詞句,9,引以为荣,
891,大袈裟,おおげさ,形容動詞,9,夸张,
892,大仰,おおぎょう,名詞/形容動詞,9,浮夸,
893,手柄,てがら,名詞,9,功劳,
894,こつ,こつ,名詞,9,秘诀，窍门,
895,顺利,じゅんちょう,名詞/形容動詞,9,顺利,
896,要领,ようりょう,名詞,9,要领,
897,コツコツ,こつこつ,副詞/サ変,9,孜孜不倦,
898,せっせと,せっせと,副詞,9,勤勉地,
899,滑稽,こっけい,名詞/形容動詞,9,滑稽，诙谐,
900,手入れ,ていれ,名詞/サ変,9,保养,
901,可笑しい,おかしい,形容詞,9,可笑,
902,圆滑,えんかつ,形容動詞,9,圆滑,
903,尽く,ことごとく,副詞,9,一切，全部,
904,すっかり,すっかり,副詞,9,完全,
905,そっくり,そっくり,副詞/形容動詞,9,全部,
906,オール,おーる,名詞,9,全部,
907,殊に,ことに,副詞,9,格外，尤其,
908,冷える,ひえる,自動詞,9,变冷,
909,冷え込み,ひえこみ,名詞,9,气温骤降,
910,格別,かくべつ,名詞/副詞/形容動詞,9,格外,
911,取り分け,とりわけ,副詞,9,格外,
912,格段,かくだん,名詞/副詞/形容動詞,9,特别,
913,特别,とくに,副詞,9,特别,
914,特别,とくべつ,名詞/副詞/形容動詞,9,特别,
915,とっくに,とっくに,副詞,9,早就,
916,事によると,ことによると,副詞,9,或许，不一定,
917,もしかしたら,もしかしたら,副詞,9,也许,
918,ひょっとしたら,ひょっとしたら,副詞,9,或许,
919,好ましい,このましい,形容詞,9,可喜的，令人满意的,
920,好む,このむ,他動詞,9,好，中意,
921,望ましい,のぞましい,形容詞,9,希求,
922,気に入る,きにいる,動詞句,9,中意,
923,误魔化す,ごまかす,他動詞,9,敷衍；作假,
924,伪る,いつわる,他動詞,9,欺骗,
925,诈欺,さぎ,名詞,9,诈骗,
926,欺く,あざむく,他動詞,9,欺瞒,
927,骗す,だます,他動詞,9,骗人,
928,细やか,こまやか,形容動詞,9,细致；浓厚,
929,人情,にんじょう,名詞,9,人情,
930,细かい,こまかい,形容詞,9,细小,
931,笼もる,こもる,自動詞,9,充满；闭门不出,
932,凝らす,こらす,他動詞,9,凝神，集中,
933,覗く,のぞく,他動詞,9,窥视,
934,水面下,すいめんか,名詞,9,水面下,
935,工夫を凝らす,くふうをこらす,動詞句,9,开动脑筋,
936,睨む,にらむ,他動詞,9,怒目,
937,凝る,こる,自動詞,9,热衷；肩酸,
938,热中,ねっちゅう,名詞/サ変,9,热衷,
939,梦中,むちゅう,名詞/形容動詞,9,热衷,
940,根気,こんき,名詞,9,耐性，耐心,
941,粘る,ねばる,自動詞,9,坚持,
942,根性,こんじょう,名詞,9,本性,
943,細工,さいく,名詞/サ変,9,工艺，精细活,
944,工場,こうじょう,名詞,9,工厂,
945,工夫,くふう,名詞/サ変,9,工夫,
946,遮る,さえぎる,他動詞,9,遮拦，打断,
947,口論,くちろん,名詞/サ変,9,口角,
948,妨げる,さまたげる,他動詞,9,妨碍,
949,狭める,せばめる,他動詞,9,变窄,
950,隔てる,へだてる,他動詞,9,隔开,
951,隔たる,へだたる,自動詞,9,相隔,
952,冴える,さえる,自動詞,9,清爽；纯熟；鲜明,
953,はっきり,はっきり,副詞/サ変,9,清楚,
954,鮮やか,あざやか,形容動詞,9,鲜明,
955,澄む,すむ,自動詞,9,清澈,
956,指図,さしず,名詞/サ変,9,指示，吩咐,
957,まとめる,まとめる,他動詞,9,汇总,
958,指示,しじ,名詞/サ変,9,指示,
959,命令,めいれい,名詞/サ変,9,命令,
960,言いつけ,いいつけ,名詞,9,吩咐,
961,意図,いと,名詞/サ変,9,意图,
962,指摘,してき,名詞/サ変,9,指出,
963,示す,しめす,他動詞,9,表明,
964,差し支える,さしつかえる,自動詞,9,妨碍，有影响,
965,差し支えなければ,さしつかえなければ,連語/慣用句,9,如果不介意,
966,差し合う,さしあう,自動詞,9,妨碍,
967,障る,さわる,自動詞,9,妨碍,
968,妨げる,さまたげる,他動詞,9,妨碍,
969,阻む,はばむ,他動詞,9,阻止,
970,遮る,さえぎる,他動詞,9,遮断,
971,さぞ,さぞ,副詞,9,想必，一定是,
972,きっと,きっと,副詞,9,一定,
973,間違いなく,まちがいなく,副詞,9,没错,
974,嘸かし,さぞかし,副詞,9,想必,
975,定めし,さだめし,副詞,9,想必,
976,定まる,さだまる,自動詞,9,稳定；决定,
977,定める,さだめる,他動詞,9,决定,
978,雑,ざつ,名詞/形容動詞,9,草率，粗枝大叶,
979,雑誌,ざっし,名詞,9,杂志,
980,複雑,ふくざつ,名詞/形容動詞,9,复杂,
981,いい加減,いいかげん,形容動詞/副詞,9,敷衍,
982,大雑把,おおざっぱ,形容動詞,9,草率,
983,察する,さっする,他動詞/サ変,9,推测；体谅,
984,言葉をかける,ことばをかける,動詞句,9,打招呼,
985,警察,けいさつ,名詞,9,警察,
986,観察,かんさつ,名詞/サ変,9,观察,
987,推し量る,おしはかる,他動詞,9,揣测,
988,思いやる,おもいやる,他動詞,9,体谅,
989,さっと,さっと,副詞,9,快速,
990,ぐっと,ぐっと,副詞,9,猛地,
991,さっぱり,さっぱり,副詞/サ変,9,清爽；清淡；糟糕；完全,
992,きっぱり,きっぱり,副詞,9,果断,
993,さほど,さほど,副詞,9,并不那么,
994,それほど,それほど,副詞,9,并不那么,
995,対して,たいして,副詞,9,并不太,
996,大したことがない,たいしたことがない,慣用句/形容詞句,9,没什么了不起,
997,サボる,さぼる,自動詞,9,怠工，偷懒,
998,障る,さわる,自動詞,9,得罪；妨碍；伤害健康,
999,いちいち,いちいち,副詞,9,一件件,
1000,夜ふかし,よふかし,名詞/サ変,9,熬夜,
1001,触る,さわる,自動詞,9,触摸,
1002,触れる,ふれる,自動詞,9,接触,
1003,妨げる,さまたげる,他動詞,9,妨碍,
1004,差し支える,さしつかえる,自動詞,9,妨碍,
1005,差し合う,さしあう,自動詞,9,矛盾,
1006,遮る,さえぎる,他動詞,9,遮断,
1007,阻む,はばむ,他動詞,9,阻拦,
1008,障害,しょうがい,名詞,9,障碍,
1009,気障,きざ,名詞/形容動詞,9,做作,
1010,仕上がり,しあがり,名詞,9,完成情况,
1011,仕上げる,しあげる,他動詞,9,完成,
1012,仕上げ,しあげ,名詞,9,作完的结果,
1013,成り遂げる,なりとげる,他動詞,9,完成，做成,
1014,出来上がる,できあがる,自動詞,9,做成,
1015,強いて,しいて,副詞,9,勉强，逼迫,
1016,強いる,しいる,他動詞,9,强迫,
1017,無理,むり,名詞/形容動詞,9,勉强,
1018,強引,ごういん,形容動詞,9,强行,
1019,強いる,しいる,他動詞,9,强迫,
1020,仕入れる,しいれる,他動詞,9,购入；获得信息,
1021,仕掛ける,しかける,他動詞,9,设置；主动做；开始,
1022,仕切る,しきる,他動詞,9,主持，掌管；隔开,
1023,しくじる,しくじる,他動詞,9,失败，失策,
1024,万全,ばんぜん,名詞/形容動詞,9,万全,
1025,臨む,のぞむ,自動詞,9,面临,
1026,仕組み,しくみ,名詞,9,构成，结构,
1027,仕送り,しおくり,名詞/サ変,9,寄生活费,
1028,自在,じざい,名詞/形容動詞,9,自由自在,
1029,下心,したごころ,名詞,9,用心，企图,
1030,見抜く,みぬく,他動詞,9,看穿,
1031,下地,したじ,名詞,9,基础，素质,
1032,上達,じょうたつ,名詞/サ変,9,进步,
1033,土地,とち,名詞,9,土地,
1034,地元,じもと,名詞,9,本地,
1035,生地,きじ,名詞,9,质地,
1036,地震,じしん,名詞,9,地震,
1037,下調べ,したしらべ,名詞/サ変,9,预习，调查,
1038,入念,にゅうねん,形容動詞,9,仔细,
1039,丁寧,ていねい,形容動詞,9,郑重,
1040,断念,だんねん,名詞/サ変,9,死心,
1041,諦める,あきらめる,他動詞,9,放弃,
1042,放棄,ほうき,名詞/サ変,9,放弃,
1043,決意,けつい,名詞/サ変,9,决意,
1044,執念,しゅうねん,名詞,9,执念,
1045,拘り,こだわり,名詞,9,执着,
1046,懸念,けねん,名詞/サ変,9,忧虑,
1047,心配,しんぱい,名詞/形容動詞/サ変,9,担心,
1048,安心,あんしん,名詞/形容動詞/サ変,9,安心,
1049,楽観,らっかん,名詞/サ変,9,乐观,
1050,無念,むねん,名詞/形容動詞,9,懊悔,
1051,悔しい,くやしい,形容詞,9,懊悔,
1052,残念,ざんねん,名詞/形容動詞,9,遗憾,
1053,満足,まんぞく,名詞/形容動詞/サ変,9,满足,
1054,納得,なっとく,名詞/サ変,9,纳悟,
1055,下読み,したよみ,名詞/サ変,9,预读,
1056,下火,したび,名詞,9,衰退，减弱,
1057,衰える,おとろえる,自動詞,9,衰退,
1058,廃れる,すたれる,自動詞,9,废弛,
1059,シック,しっく,形容動詞,9,雅致，时髦,
1060,インテリア,いんてりあ,名詞,9,室内装饰,
1061,じっくり,じっくり,副詞,9,仔细地，踏踏实实,
1062,着実,ちゃくじつ,名詞/形容動詞,9,踏实,
1063,躾,しつけ,名詞,9,教养，家教,
1064,躾ける,しつける,他動詞,9,教育,
1065,淑やか,しとやか,形容動詞,9,端庄，稳重,
1066,上品,じょうひん,名詞/形容動詞,9,高雅,
1067,穏やか,おだやか,形容動詞,9,稳静,
1068,萎びる,しなびる,自動詞,9,枯萎，干枯,
1069,枯れる,かれる,自動詞,9,枯死,
1070,水々しい,みずみずしい,形容詞,9,水嫩,
1071,しなやか,しなやか,形容動詞,9,柔软，灵活,
1072,柔らかい,やわらかい,形容詞,9,柔软,
1073,凌ぐ,しのぐ,他動詞,9,摆脱；抵御；忍受,
1074,勢い,いきおい,名詞,9,气势,
1075,乗り越える,のりこえる,他動詞,9,跨越,
1076,渋い,しぶい,形容詞,9,涩味；素雅；不快；吝啬,
1077,ケチ,けち,名詞/形容動詞,9,小气,
1078,しぶとい,しぶとい,形容詞,9,顽强，有毅力；顽固,
1079,根気,こんき,名詞,9,毅力,
1080,辛抱,しんぼう,名詞/サ変,9,忍耐,
1081,粘る,ねばる,自動詞,9,不气馁,
1082,粘り強い,ねばりづよい,形容詞,9,有韧性,
1083,染みる,しみる,自動詞,9,刺骨；染上；铭刻,
1084,骨身,ほねみ,名詞,9,骨肉,
1085,染み出る,しみでる,自動詞,9,渗出,
1086,教訓,きょうくん,名詞/サ変,9,教训,
1087,若干,じゃっかん,名詞/副詞,9,若干，少许,
1088,余り,あまり,名詞/副詞,9,剩余,
1089,ジャンル,じゃんる,名詞,9,种类,
1090,執着,しゅうちゃく,名詞/サ変,9,留恋，执着,
1091,未練,みれん,名詞/形容動詞,9,眷恋,
1092,出世,しゅっせ,名詞/サ変,9,成功，发迹,
1093,しょっちゅう,しょっちゅう,副詞,9,经常，总是,
1094,いつも,いつも,副詞/名詞,9,总是,
1095,常に,つねに,副詞,9,经常,
1096,始終,しじゅう,副詞/名詞,9,始终,
1097,迅速,じんそく,名詞/形容動詞,9,迅速,
1098,速度,そくど,名詞,9,速度,
1099,辛抱,しんぼう,名詞/サ変,9,忍耐，忍受,
1100,介抱,かいほう,名詞/サ変,9,照料,
1101,移る,うつる,自動詞,9,移动,
1102,抱負,ほうふ,名詞,9,抱负,
1103,包装,ほうそう,名詞/サ変,9,包装,
1104,抱く,いだく,他動詞,9,怀抱,
1105,抱える,かかえる,他動詞,9,承担,
1106,我慢,がまん,名詞/サ変,9,忍耐,
1107,堪える,こらえる,自他動詞,9,忍住,
1108,勘弁,かんべん,名詞/サ変,9,原谅,
1109,据える,すえる,他動詞,9,安置；沉着,
1110,腰を据える,こしをすえる,動詞句,9,下定决心,
1111,目を凝らす,めをこらす,動詞句,9,凝视,
1112,清々しい,すがすがしい,形容詞,9,清爽，清新,
1113,爽やか,さわやか,形容動詞,9,清新,
1114,清らか,きよらか,形容動詞,9,纯净,
1115,清い,きよい,形容詞,9,洁白,
1116,掬う,すくう,他動詞,9,捞取，掬取,
1117,縁日,えんにち,名詞,9,庙会,
1118,屋台,やたい,名詞,9,路边摊,
1119,金魚,きんぎょ,名詞,9,金鱼,
1120,救う,すくう,他動詞,9,解救,
1121,捧げる,ささげる,他動詞,9,奉献,
1122,健やか,すこやか,形容動詞,9,健壮，健康,
1123,健全,けんぜん,名詞/形容動詞,9,健全,
1124,すすぐ,すすぐ,他動詞,9,洗刷；洗去汚名,
1125,汚名,おめい,名詞,9,污名,
1126,廃れる,すたれる,自動詞,9,过时，衰退,
1127,衰える,おとろえる,自動詞,9,衰弱,
1128,下火,したび,名詞,9,消退,
1129,ストレス,すとれす,名詞,9,精神压力,
1130,すばしこい,すばしこい,形容詞,9,动作敏捷，利落,
1131,逃げ足,にげあし,名詞,9,逃跑速度,
1132,素早い,すばやい,形容詞,9,快速，敏捷,
1133,速やか,すみやか,形容動詞,9,迅速，及时,
1134,対策を立てる,たいさくをたてる,動詞句,9,制定对策,
1135,ずばり,ずばり,副詞,9,一语道破，击中要害,
1136,鋭い,するどい,形容詞,9,尖锐,
1137,ずぶ濡れ,ずぶぬれ,名詞/形容動詞,9,全身湿透,
1138,ずぶ,ずぶ,副詞,9,完全,
1139,濡れる,ぬれる,自動詞,9,湿透,
1140,びっしょり,びっしょり,副詞/形容動詞,9,落汤鸡,
1141,ずらっと・ずらりと,ずらっと,副詞,9,成排的,
1142,並ぶ,ならぶ,自動詞,9,排列,
1143,整然,せいぜん,名詞/形容動詞,9,井然,
1144,ずるずる,ずるずる,副詞/サ変,9,拖拉，墨迹,
1145,あやふや,あやふや,形容動詞,9,模糊,
1146,曖昧,あいまい,名詞/形容動詞,9,暧昧,
1147,引き延ばす,ひきのばす,他動詞,9,延期,
1148,狡い,ずるい,形容詞,9,狡猾,
1149,いやいや,いやいや,副詞,9,勉强,
1150,すれ違い,すれちがい,名詞,9,交错,
1151,ざま,ざま,名詞,9,样子,
1152,掛け合う,かけあう,自動詞,9,交涉,
1153,食い違う,くいちがう,自動詞,9,意见不同,
1154,行き違う,ゆきちがう,自動詞,9,走两岔,
1155,すんなり,すんなり,副詞/サ変,9,苗条；顺利,
1156,華奢,きゃしゃ,形容動詞,9,苗条,
1157,ほっそり,ほっそり,副詞/サ変,9,纤细,
1158,すらっと,すらっと,副詞/サ変,9,苗条,
1159,順調,じゅんちょう,名詞/形容動詞,9,顺利,
1160,円滑,えんかつ,形容動詞,9,圆滑,
1161,スムーズ,すむーず,形容動詞,9,流畅,
1162,整然,せいぜん,名詞/形容動詞,9,井然有序,
1163,植木鉢,うえきばち,名詞,9,花盆,
1164,整う,ととのう,自動詞,9,整齐,
1165,急かす,せかす,他動詞,9,催促,
1166,急がせる,いそがせる,他動詞,9,使着急,
1167,急かせる,せかせる,他動詞,9,催促,
1168,催促,さいそく,名詞/サ変,9,催促,
1169,催す,もよおす,他動詞,9,举办,
1170,促す,うながす,他動詞,9,促进,
1171,世辞,せじ,名詞,9,恭维，奉承,
1172,是正,ぜせい,名詞/サ変,9,更正，订正,
1173,給与,きゅうよ,名詞/サ変,9,薪水,
1174,是非,ぜひ,名詞/副詞,9,务必,
1175,改正,かいせい,名詞/サ変,9,改正,
1176,修正,しゅうせい,名詞/サ変,9,修正,
1177,訂正,ていせい,名詞/サ変,9,订正,
1178,切実,せつじつ,形容動詞,9,切实，迫切,
1179,つくづく,つくづく,副詞,9,深切地,
1180,痛切,つうせつ,形容動詞,9,深切,
1181,堅実,けんじつ,名詞/形容動詞,9,稳健,
1182,切ない,せつない,形容詞,9,难受，苦闷,
1183,離れ離れ,はなればなれ,名詞/形容動詞,9,零散,
1184,辛い,つらい,形容詞,9,辛苦,
1185,息苦しい,いきぐるしい,形容詞,9,喘不过气,
1186,そびえる,そびえる,自動詞,9,耸立，矗立,
1187,逸らす,そらす,他動詞,9,回避，转移,
1188,悲惨さ,ひさんさ,名詞,9,悲惨,
1189,ぞんざい,ぞんざい,形容動詞,9,草率，马虎,
1190,印象,いんしょう,名詞,9,印象,
1191,対処,たいしょ,名詞/サ変,9,处理，应对,
1192,大物,おおもの,名詞,9,大人物，有影响力的人,
1193,扱う,あつかう,他動詞,9,处理，操作,
1194,操る,あやつる,他動詞,9,操作，操纵,
1195,対応,たいおう,名詞/サ変,9,对应，适应,
1196,根拠,こんきょ,名詞,9,根据，依据,
1197,証拠,しょうこ,名詞,9,证据,
1198,台無し,だいなし,名詞,9,断送，糟蹋,
1199,キャンプ,きゃんぷ,名詞,9,露营，野营,
1200,だめになる,だめになる,連語/動詞,9,不行，不可以，无用,
1201,逞しい,たくましい,形容詞,9,坚强，旺盛，健壮,
1202,ひ弱,ひよわ,形容動詞,9,虚弱，纤弱，柔弱,
1203,ひ,ひ,接頭辞,9,接头词，表示非常，程度,
1204,すっかり,すっかり,副詞,9,完全，彻底，全部,
1205,頑丈,がんじょう,形容動詞,9,健壮，强壮,
1206,しっかり,しっかり,副詞/サ変,9,扎实，稳固,
1207,がっしり,がっしり,副詞/サ変,9,粗壮，健壮,
1208,根気,こんき,名詞,9,耐性，毅力,
1209,粘る,ねばる,自動詞,9,有毅力，有韧性,
1210,挫ける,くじける,自動詞,9,受挫，气馁,
1211,落ち込む,おちこむ,自動詞,9,心情低落,
1212,巧み,たくみ,名詞/形容動詞,9,巧妙，精巧,
1213,漁師,りょうし,名詞,9,渔夫,
1214,操る,あやつる,他動詞,9,操作，操控,
1215,追い込む,おいこむ,他動詞,9,逼迫，迫使；赶进,
1216,巧妙,こうみょう,形容動詞,9,巧妙（带贬义）,
1217,上手,じょうず,形容動詞,9,擅长，高明,
1218,携わる,たずさわる,自動詞,9,参与，从事,
1219,携える,たずさえる,他動詞,9,携带，带有,
1220,従事,じゅうじ,名詞/サ変,9,参与，从事,
1221,営む,いとなむ,他動詞,9,经营，从事,
1222,預ける,あずける,他動詞,9,寄存，存放,
1223,預かる,あずかる,他動詞,9,保管,
1224,触る,さわる,自動詞,9,抚摸，触碰,
1225,触れる,ふれる,自動詞,9,触及，提到,
1226,辿る,たどる,他動詞,9,追溯，探索；走向,
1227,破滅,はめつ,名詞/サ変,9,灭绝,
1228,滅多,めった,形容動詞,9,几乎（常接否定）,
1229,滅びる,ほろびる,自動詞,9,毁灭,
1230,滅ぼす,ほろぼす,他動詞,9,使毁灭,
1231,遡る・溯る,さかのぼる,自動詞,9,追溯；逆流而上,
1232,建前,たてまえ,名詞,9,方针，原则；场面话,
1233,本音,ほんね,名詞,9,真心话，真实想法,
1234,束ねる,たばねる,他動詞,9,包，捆，束,
1235,花束,はなたば,名詞,9,花束,
1236,縛る,しばる,他動詞,9,捆绑,
1237,括る,くくる,他動詞,9,捆扎，概括,
1238,きつく括る,きつくくくる,動詞句,9,捆紧,
1239,ゆるく括る,ゆるくくくる,動詞句,9,轻捆,
1240,だぶだぶ,だぶだぶ,副詞/サ変/形容動詞,9,又肥又大,
1241,緩い,ゆるい,形容詞,9,松的，不紧的,
1242,ぶだぶだ,ぶだぶだ,形容動詞,9,肥大,
1243,窮屈,きゅうくつ,形容動詞,9,紧，瘦小,
1244,きつい,きつい,形容詞,9,严格，困难，紧,
1245,褪せる,あせる,自動詞,9,褪色,
1246,縮む,ちぢむ,自動詞,9,衣服缩水,
1247,畳む,たたむ,他動詞,9,折叠,
1248,保つ,たもつ,他動詞,9,保持，维持,
1249,守る,まもる,他動詞,9,遵守，守护,
1250,維持,いじ,名詞/サ変,9,维持,
1251,容易い,たやすい,形容詞,9,轻松，容易,
1252,易しい,やさしい,形容詞,9,容易，简单,
1253,容易,ようい,形容動詞,9,容易,
1254,手軽,てがる,形容動詞,9,简单，轻松,
1255,安い,やすい,形容詞,9,便宜,
1256,弛む,たるむ,自動詞,9,松懈,
1257,気が弛む,きがたるむ,動詞句,9,松弛，松懈,
1258,疲れた,つかれた,動詞,9,疲倦,
1259,億劫,おっくう,形容動詞,9,麻烦，费事；懒得动,
1260,緩む,ゆるむ,自動詞,9,松弛，松懈,
1261,怠い,だるい,形容詞,9,发倦，慵懒,
1262,単一,たんいつ,名詞/形容動詞,9,单一,
1263,统一,とういつ,名詞/サ变,9,统一，一致,
1264,同一,どういつ,名詞/形容動詞,9,相同的,
1265,唯一,ゆいいつ,名詞/副詞,9,唯一，独一无二,
1266,画一的,かくいつてき,形容動詞,9,统一的，一样的,
1267,丹念,たんねん,形容動詞,9,仔细，认真,
1268,専念,せんねん,名詞/サ変,9,专心致志,
1269,真面目,まじめ,形容動詞,9,认真,
1270,生真面目,きまじめ,形容動詞,9,一本正经,
1271,几帳面,きちょうめん,形容動詞,9,一丝不苟,
1272,専心,せんしん,名詞/サ変,9,专心,
1273,着目,ちゃくもく,名詞/サ变,9,着眼，注目,
1274,着眼,ちゃくがん,名詞/サ变,9,着眼,
1275,着手,ちゃくしゅ,名詞/サ变,9,开始做某事,
1276,着実,ちゃくじつ,形容動詞,9,着实，稳步,
1277,じっくり,じっくり,副詞,9,仔细地，踏踏实实,
1278,着々と,ちゃくちゃくと,副詞,9,稳步地，踏踏实实地,
1279,着服,ちゃくふく,名詞/サ変,9,侵吞，私吞,
1280,ちやほや,ちやほや,副詞/サ变,9,溺爱，娇养,
1281,一人っ子,ひとりっこ,名詞,9,独生子,
1282,甘やかす,あまやかす,他動詞,9,娇惯，溺爱,
1283,甘える,あまえる,自動詞,9,撒娇，依赖,
1284,甘い,あまい,形容詞,9,甜，天真，宽松,
1285,中傷,ちゅうしょう,名詞/サ変,9,中伤，诽谤,
1286,陥れる,おとしいれる,他動詞,9,陷害，使陷入,
1287,陥る,おちいる,自動詞,9,掉落，陷入,
1288,調達,ちょうたつ,名詞/サ变,9,采购，筹措,
1289,抵当,ていとう,名詞,9,抵押,
1290,重宝,ちょうほう,名詞/形容動詞/サ変,9,器重，爱惜；便利,
1291,貴重,きちょう,形容動詞,9,宝贵,
1292,慎重,しんちょう,形容動詞,9,慎重,
1293,尊重,そんちょう,名詞/サ变,9,尊重,
1294,重視,じゅうし,名詞/サ变,9,重视,
1295,重要,じゅうよう,形容動詞,9,重要,
1296,国宝,こくほう,名詞,9,国宝,
1297,家宝,かほう,名詞,9,传家宝,
1298,宝,たから,名詞,9,宝物,
1299,宝くじ,たからくじ,名詞,9,彩票,
1300,ちょくちょく,ちょくちょく,副詞,9,时常，常常,
1301,しょっちゅう,しょっちゅう,副詞,9,经常，总是,
1302,常に,つねに,副詞,9,始终，一直,
1303,とかく,とかく,副詞,9,动不动，总是,
1304,頻りに,しきりに,副詞,9,频繁地，不断地,
1305,屡々,しばしば,副詞,9,屡次，常常,
1306,ちらりと・ちらっと,ちらりと,副詞,9,一闪一过，一晃而过,
1307,ずらっと,ずらっと,副詞,9,成排的,
1308,ずらりと,ずらりと,副詞,9,整齐排列,
1309,费やす,ついやす,他動詞,9,花费，浪费,
1310,無駄,むだ,名詞/形容動詞,9,浪费，徒劳,
1311,無駄遣い,むだづかい,名詞/サ変,9,浪费钱,
1312,無駄口,むだぐち,名詞,9,废话,
1313,痛切,つうせつ,名詞/形容動詞,9,痛切，深切,
1314,つくづく,つくづく,副詞,9,深切地，痛切,
1315,染み染み,しみじみ,副詞,9,深切，深刻,
1316,月並み,つきなみ,名詞/形容動詞,9,平庸，平凡,
1317,普通,ふつう,名詞/形容動詞/副詞,9,普通,
1318,有り触れる,ありふれる,自動詞,9,常见，普通,
1319,珍しい,めずらしい,形容詞,9,罕见，希奇,
1320,尽きる,つきる,自動詞,9,用完，用尽,
1321,我武者羅,がむしゃら,形容動詞,9,鲁莽，盲目地,
1322,爱想を尽くす,あいそをつくす,動詞句,9,耗尽了好感,
1323,尽くす,つくす,他動詞,9,竭尽,
1324,つくづく,つくづく,副詞,9,深切，痛切；仔细,
1325,染み染み,しみじみ,副詞,9,深刻，感慨,
1326,痛切,つうせつ,名詞/形容動詞,9,深切，痛彻,
1327,告げる,つげる,他動詞,9,告知，通知,
1328,広告,こうこく,名詞/サ变,9,广告,
1329,告白,こくはく,名詞/サ变,9,告白,
1330,訴える,うったえる,他動詞,9,告知；控告,
1331,告訴,こくそ,名詞/サ变,9,起诉，控告,
1332,訴訟,そしょう,名詞/サ变,9,法律诉讼,
1333,働きかける,はたらきかける,自動詞,9,促动，施加影响,
1334,呼びかける,よびかける,他動詞,9,呼吁，号召,
1335,辻褄,つじつま,名詞,9,条理，逻辑,
1336,ロジック,ろじっく,名詞,9,逻辑,
1337,理屈,りくつ,名詞,9,道理，逻辑,
1338,論理,ろんり,名詞,9,论理,
1339,筋道,すじみち,名詞,9,道理,
1340,謹む・慎む,つつしむ,他動詞,9,谨慎，慎重；节制,
1341,慶び,よろこび,名詞,9,喜悦,
1342,申し上げます,もうしあげます,補助動詞,9,陈述，讲,
1343,遠慮,えんりょ,名詞/サ变,9,客气,
1344,控える,ひかえる,他動詞,9,控制，抑制,
1345,努めて,つとめて,副詞,9,尽量，尽可能,
1346,至る,いたる,自動詞,9,到达,
1347,至って,いたって,副詞,9,极其，非常,
1348,極める,きわめる,他動詞,9,达到极限,
1349,極めて,きわめて,副詞,9,极其,
1350,改める,あらためる,他動詞,9,改，更新,
1351,改めて,あらめて,副詞,9,重新,
1352,努める,つとめる,自動詞,9,努力,
1353,勤める,つとめる,自動詞,9,工作,
1354,務める,つとめる,他動詞,9,担任职务,
1355,抓る,つねる,他動詞,9,拧，掐,
1356,掴む,つかむ,他動詞,9,抓,
1357,握る,にぎる,他動詞,9,握,
1358,打つ,うつ,他動詞,9,击打,
1359,掻く,かく,他動詞,9,抓，挠,
1360,捻る,ひねる,他動詞,9,拧，捻,
1361,摘む,つまむ,他動詞,9,摘取，采摘,
1362,もぐ,もぐ,他動詞,9,摘下,
1363,募る,つのる,自動詞/他動詞,9,征集，招募；越来越厉害,
1364,恋しい,こいしい,形容詞,9,思念,
1365,募集,ぼしゅう,名詞/サ变,9,募集,
1366,応募,おうぼ,名詞/サ变,9,报名,
1367,爱慕,あいぼ,名詞/サ变,9,爱慕,
1368,墓地,ぼち,名詞,9,墓地,
1369,激しい,はげしい,形容詞,9,激烈的,
1370,呟く,つぶやく,自動詞,9,小声嘟囔，发牢骚,
1371,しょっちゅう,しょっちゅう,副詞,9,经常,
1372,囁く,ささやく,自動詞,9,耳语,
1373,独り言,ひとりごと,名詞,9,自言自语,
1374,円ら,つぶら,形容動詞,9,圆的,
1375,瞳,ひとみ,名詞,9,瞳孔，眼珠,
1376,和む,なごむ,自動詞,9,平静,
1377,瞑る,つぶる,他動詞,9,闭眼；佯装不知,
1378,目を瞑る,めをつぶる,動詞句,9,闭眼,
1379,摘む,つまむ,他動詞,9,抓东西，摘取,
1380,掴む,つかむ,他動詞,9,抓,
1381,连なる,つながる,自動詞,9,成排，连绵；牵涉,
1382,連ねる,つらねる,他動詞,9,使成排,
1383,関わる・係る,かかわる,自動詞,9,关联,
1384,繋がる,つながる,自動詞,9,连接,
1385,絡む,からむ,自動詞,9,纠缠,
1386,贯く,つらぬく,他動詞,9,贯彻，坚持；穿过,
1387,初志,しょし,名詞,9,初心,
1388,運河,うんが,名詞,9,运河,
1389,中央,ちゅうおう,名詞,9,中央,
1390,手当,てあて,名詞/サ变,9,津贴，补贴；医疗,
1391,応急,おうきゅう,名詞,9,应急,
1392,定义,ていぎ,名詞/サ变,9,定义,
1393,食い違い,くいちがい,名詞,9,分歧,
1394,異なる,ことなる,自動詞,9,不同,
1395,定まる,さだまる,自動詞,9,决定，确定,
1396,定める,さだめる,他動詞,9,平定，确定,
1397,提携,ていけい,名詞/サ变,9,协作，合作,
1398,唯一,ゆいいつ,名詞/副詞,9,唯一,
1399,提供,ていきょう,名詞/サ变,9,提供,
1400,提示,ていじ,名詞/サ变,9,提示,
1401,提案,ていあん,名詞/サ变,9,提案,
1402,提出,ていしゅつ,名詞/サ变,9,提交,
1403,携わる,たずさわる,自動詞,9,参与,
1404,携える,たずさえる,他動詞,9,携带,
1405,携帯,けいたい,名詞/サ变,9,手机,
1406,協力,きょうりょく,名詞/サ变,9,合作,
1407,共同,きょうどう,名詞/サ变,9,共同,
1408,連合,れんごう,名詞/サ变,9,联合,
1409,体裁,ていさい,名詞,9,门面，样式；奉承话,
1410,体操,たいそう,名詞,9,体操,
1411,ジャンル,じゃんる,名詞,9,体裁，种类,
1412,見栄,みえ,名詞,9,体面，虚荣,
1413,お世辞,おせじ,名詞,9,奉承话,
1414,建前,たてまえ,名詞,9,场面话,
1415,手遅れ,ておくれ,名詞/形容動詞,9,耽误，错过,
1416,最早,もはや,副詞,9,已经,
1417,既に,すでに,副詞,9,已经,
1418,～済み,～ずみ,接尾辞/名詞,9,已经完成,
1419,遅い,おそい,形容詞,9,迟,
1420,遅刻,ちこく,名詞/サ变,9,迟到,
1421,手がかり,てがかり,名詞,9,线索，头绪,
1422,ヒント,ひんと,名詞,9,提示,
1423,糸口,いとぐち,名詞,9,线索,
1424,手掛ける,てがける,他動詞,9,亲自动手,
1425,仕掛ける,しかける,他動詞,9,着手,
1426,手数,てかず,名詞,9,麻烦，周折,
1427,工夫,くふう,名詞/サ变,9,钻研,
1428,手間,てま,名詞,9,功夫,
1429,手轻,てがる,形容動詞,9,简单，轻松地,
1430,容易い,たやすい,形容詞,9,容易,
1431,軽々と,かるがると,副詞,9,轻巧地,
1432,気軽,きがる,形容動詞,9,舒畅，轻松,
1433,気楽,きらく,形容動詞,9,轻松，随意,
1434,手薄,てうす,形容動詞,9,人手不足,
1435,気弱,きよわ,形容動詞,9,性格懦弱,
1436,手厚い,てあつい,形容詞,9,周到，热情,
1437,適宜,てきぎ,副詞/形容動詞,9,酌情，适当,
1438,パセリ,ぱせり,名詞,9,芹菜,
1439,手際,てぎわ,名詞,9,手法，本领,
1440,腕前,うでまえ,名詞,9,能力，本领,
1441,手並み,てなみ,名詞,9,技能，本领,
1442,出会す,でくわす,自動詞,9,偶然碰到,
1443,思いもよらない,おもいもよらない,形容詞句,9,出乎意料,
1444,思いがけない,おもいがけない,形容詞,9,没想到,
1445,案外,あんがい,副詞/形容動詞,9,出乎意料,
1446,手顺,てじゅん,名詞,9,程序，次序,
1447,顺々,じゅんじゅん,副詞,9,按顺序,
1448,順番,じゅんばん,名詞,9,顺序,
1449,順調,じゅんちょう,形容動詞,9,顺利,
1450,従順,じゅうじゅん,形容動詞,9,温顺,
1451,手近,てぢか,名詞/形容動詞,9,手边，眼前；常见,
1452,てっきり,てっきり,副詞,9,一定，必定,
1453,彻する,てっする,自動詞,9,熬夜；贯彻,
1454,前日,ぜんじつ,名詞,9,前一天,
1455,先日,せんじつ,名詞,9,前几天,
1456,金儲け,かねもうけ,名詞/サ变,9,赚钱,
1457,稼ぐ,かせぐ,他動詞,9,赚钱,
1458,設ける,もうける,他動詞,9,设置,
1459,徹夜,てつや,名詞/サ变,9,熬夜,
1460,夜更かし,よふかし,名詞/サ变,9,熬夜,
1461,更かす,ふかす,他動詞,9,熬夜,
1462,贯く,つらぬく,他動詞,9,贯彻,
1463,出直し,でなおし,名詞/サ变,9,重新开始,
1464,やり直す,やりなおす,他動詞,9,重做,
1465,振り出し,ふりだし,名詞,9,起点,
1466,手配,てはい,名詞/サ变,9,通缉；安排，部署,
1467,配る,くばる,他動詞,9,分发,
1468,支配,しはい,名詞/サ变,9,支配,
1469,左右,さゆう,名詞/サ变,9,左右,
1470,操る,あやつる,他動詞,9,操纵,
1471,気配,けはい,名詞,9,迹象,
1472,年配,ねんぱい,名詞,9,年长,
1473,準備,じゅんび,名詞/サ变,9,准备,
1474,支度,したく,名詞/サ变,9,准备,
1475,手筈,てはず,名詞,9,步骤，程序,
1476,筈,はず,名詞,9,应当,
1477,手順,てじゅん,名詞,9,次序,
1478,段取り,だんどり,名詞,9,顺序,
1479,手本,てほん,名詞,9,范本，榜样,
1480,模範,もはん,名詞,9,模范,
1481,モデル,もでる,名詞,9,范本,
1482,倣う,ならう,自動詞,9,仿效,
1483,真似る,まねる,他動詞,9,模仿,
1484,見本,みほん,名詞,9,样品,
1485,脚本,きゃくほん,名詞,9,剧本,
1486,台本,だいほん,名詞,9,脚本,
1487,手回し,てまわし,名詞/サ变,9,预先筹划,
1488,手配,てはい,名詞/サ变,9,安排,
1489,準備,じゅんび,名詞/サ变,9,准备,
1490,支度,したく,名詞/サ变,9,准备,
1491,根回し,ねまわし,名詞/サ变,9,事前疏通,
1492,言い回し,いいまわし,名詞,9,措辞,
1493,リハーサル,りはーさる,名詞,9,排练,
1494,手元,てもと,名詞,9,手边，手头,
1495,手近,てぢか,形容動詞,9,手边,
1496,身近,みぢか,形容動詞,9,身边,
1497,傍ら,かたわら,名詞,9,旁边,
1498,地元,じもと,名詞,9,当地,
1499,身元,みもと,名詞,9,身份,
1500,足元,あしもと,名詞,9,脚下,
1501,てんで,てんで,副詞,9,丝毫，完全,
1502,まったく,まったく,副詞,9,完全,
1503,さっぱり,さっぱり,副詞,9,完全,
1504,灭多に,めったに,副詞,9,几乎不,
1505,問い合わせる,といあわせる,他動詞,9,打听，查询,
1506,聞く,きく,他動詞,9,询问,
1507,間に合わせる,まにあわせる,他動詞,9,赶得上,
1508,言い合わせる,いいあわせる,他動詞,9,商定,
1509,打ち合わせる,うちあわせる,他動詞,9,商讨,
1510,引き合わせる,ひきあわせる,他動詞,9,介绍,
1511,待ち合わせる,まちあわせる,他動詞,9,碰头,
1512,見合わせる,みあわせる,他動詞,9,推迟,
1513,到底,とうてい,副詞,9,无论如何,
1514,点差,てんさ,名詞,9,分差,
1515,どうしても,どうしても,副詞,9,无论如何,
1516,いかにしても,いかにしても,副詞,9,无论如何,
1517,とても,とても,副詞,9,无论如何,
1518,堂々,どうどう,形容動詞/副詞,9,堂堂正正,
1519,崩す,くずす,他動詞,9,弄乱,
1520,等々,とうとう,副詞,9,终于,
1521,どうにか,どうにか,副詞,9,好歹，总算,
1522,穷地,きゅうち,名詞,9,困境,
1523,窮屈,きゅうくつ,形容動詞,9,窄小,
1524,切り抜ける,きりぬける,他動詞,9,摆脱,
1525,かろうじて,かろうじて,副詞,9,好不容易,
1526,なんとか,なんとか,副詞,9,设法,
1527,やっと,やっと,副詞,9,终于,
1528,ようやく,ようやく,副詞,9,好不容易,
1529,どうやら,どうやら,副詞,9,多半，大概；好歹,
1530,恐らく,おそらく,副詞,9,恐怕,
1531,多分,たぶん,副詞,9,大概,
1532,ひょっとすると,ひょっとすると,副詞,9,或许,
1533,もしかすると,もしかすると,副詞,9,或许,
1534,ことによると,ことによると,副詞,9,或许,
1535,どうにか,どうにか,副詞,9,好歹,
1536,かろうじて,かろうじて,副詞,9,好不容易,
1537,なんとか,なんとか,副詞,9,好歹,
1538,やっと,やっと,副詞,9,终于,
1539,ようやく,ようやく,副詞,9,好不容易,
1540,遠ざかる,とおざかる,自動詞,9,远离，疏远,
1541,汽笛,きてき,名詞,9,汽笛,
1542,患う,わずらう,他動詞,9,生病,
1543,煩う,わずらう,自動詞,9,烦恼,
1544,煩わしい,わずらわしい,形容詞,9,繁琐,
1545,面倒,めんどう,名詞/形容動詞,9,麻烦,
1546,手数,てかず,名詞,9,费事,
1547,手間,てま,名詞,9,费工,
1548,工夫,くふう,名詞/サ变,9,钻研,
1549,嫌らしい,いやらしい,形容詞,9,厌恶,
1550,うんざり,うんざり,副詞/サ变,9,厌烦,
1551,とかく,とかく,副詞,9,动不动，总是,
1552,ともすれば,ともすれば,副詞,9,容易,
1553,～がち,～がち,接尾辞,9,倾向于,
1554,塞ぎ込む,ふさぎこむ,自動詞,9,郁闷,
1555,咎める,とがめる,自動詞/他動詞,9,责备；盘问；发炎,
1556,弄る,いじる,他動詞,9,摆弄,
1557,责める,せめる,他動詞,9,责备,
1558,詰る,なじる,他動詞,9,责问,
1559,尋ねる,たずねる,他動詞,9,询问,
1560,腫れる,はれる,自動詞,9,肿,
1561,気触れる,かぶれる,自動詞,9,炎症,
1562,夢中,むちゅう,名詞/形容動詞,9,热衷,
1563,時折,ときおり,副詞,9,有时，偶尔,
1564,時々,ときどき,副詞,9,有时,
1565,折々,おりおり,副詞,9,有时,
1566,しょっちゅう,しょっちゅう,副詞,9,时常,
1567,ちょくちょく,ちょくちょく,副詞,9,时常,
1568,頻りに,しきりに,副詞,9,频繁,
1569,屡々,しばしば,副詞,9,常常,
1570,度々,たびたび,副詞,9,常常,
1571,途切れる,とぎれる,自動詞,9,间断,
1572,気まずい,きまずい,形容詞,9,尴尬,
1573,沈黙,ちんもく,名詞/サ变,9,沉默,
1574,途中,とちゅう,名詞,9,中途,
1575,途方,とほう,名詞,9,办法,
1576,途方に暮れる,とほうにくれる,慣用句,9,走投无路,
1577,遂げる,とげる,他動詞,9,实现，完成,
1578,獣医,じゅうい,名詞,9,兽医,
1579,獣,けもの,名詞,9,野兽,
1580,果たす,はたす,他動詞,9,实现,
1581,叶う,かなう,自動詞,9,实现,
1582,やり遂げる,やりとげる,他動詞,9,完成,
1583,なり遂げる,なりとげる,他動詞,9,达成,
1584,途絶える,とだえる,自動詞,9,中断，断绝,
1585,足取り,あしどり,名詞,9,踪迹,
1586,途切れる,とぎれる,自動詞,9,间断,
1587,とっさに,とっさに,副詞,9,猛然，立刻,
1588,瞬間,しゅんかん,名詞,9,瞬间,
1589,すぐに,すぐに,副詞,9,马上,
1590,あっという間に,あっというまに,副词句,9,眨眼间,
1591,突如,とつじょ,副詞,9,突然,
1592,如実,にょじつ,形容動詞,9,如实,
1593,突然,とつぜん,副詞/形容動詞,9,突然,
1594,いきなり,いきなり,副詞,9,突然,
1595,不意,ふい,名詞/形容動詞,9,突然,
1596,俄に,にわかに,副詞,9,突然,
1597,忽ち,たちまち,副詞,9,立刻,
1598,滞る,とどこおる,自動詞,9,堵塞；延迟,
1599,留まる,とどまる,自動詞,9,留住,
1600,渋滞,じゅうたい,名詞/サ变,9,堵塞,
1601,スムーズ,すむーず,形容動詞,9,顺利,
1602,順調,じゅんちょう,形容動詞,9,顺利,
1603,進む,すすすむ,自動詞,9,进展,
1604,整える,ととのえる,他動詞,9,整理；达成,
1605,整う,ととのう,自動詞,9,整齐,
1606,ちゃんと,ちゃんと,副詞/サ变,9,好好地,
1607,整備,せいび,名詞/サ变,9,整修,
1608,備える,そなえる,他動詞,9,防备,
1609,唱える,となえる,他動詞,9,提倡，主张,
1610,主張,しゅちょう,名詞/サ变,9,主张,
1611,提唱,ていしょう,名詞/サ变,9,提倡,
1612,覆す,くつがえす,他動詞,9,推翻,
1613,煽る,あおる,他動詞,9,煽动,
1614,煽てる,おだてる,他動詞,9,怂恿,
1615,惚ける,とぼける,自動詞,9,装糊涂,
1616,滑稽,こっけい,形容動詞,9,滑稽,
1617,乏しい,とぼしい,形容詞,9,缺乏,
1618,蓄える,たくわえる,他動詞,9,储备,
1619,貯まる,たまる,自動詞,9,积攒,
1620,足りない,たりない,形容詞,9,不够,
1621,ささやか,ささやか,形容動詞,9,微薄,
1622,欠ける,かける,自動詞,9,缺少,
1623,欠乏,けつぼう,名詞/サ变,9,缺乏,
1624,貧乏,びんぼう,名詞/形容動詞/サ变,9,贫穷,
1625,贫しい,まずしい,形容詞,9,贫苦,
1626,とりあえず,とりあえず,副詞,9,暂时，姑且,
1627,しばらく,しばらく,副詞,9,暂时,
1628,まず,まず,副詞,9,首先,
1629,ひとまず,ひとまず,副詞,9,暂且,
1630,一応,いちおう,副詞,9,暂且,
1631,とにかく,とにかく,副詞,9,总之,
1632,一旦,いったん,副詞,9,一旦,
1633,取り分け,とりわけ,副詞,9,尤其，特别,
1634,際立つ,きわだつ,自動詞,9,显著,
1635,手際,てぎわ,名詞,9,手法,
1636,腕前,うでまえ,名詞,9,本领,
1637,注目,ちゅうもく,名詞/サ变,9,注目,
1638,目立つ,めだつ,自動詞,9,显眼,
1639,显著,けんちょ,形容動詞,9,显著,
1640,著しい,いちじるしい,形容詞,9,显著,
1641,引き立つ,ひきたつ,自動詞,9,衬托,
1642,殊に,ことに,副詞,9,格外的,
1643,特に,とくに,副詞,9,特别,
1644,格別,かくべつ,副詞/形容動詞,9,格外,
1645,格段,かくだん,副詞/形容動詞,9,格外,
1646,殊更,ことさら,副詞/形容動詞,9,特意,
1647,蕩ける,とろける,自動詞,9,溶化；陶醉,
1648,溶ける,とける,自動詞,9,溶化,
1649,うっとり,うっとり,副詞/サ变,9,陶醉,
1650,心を奪われる,こころをうばわれる,動詞句,9,夺人心魄,
1651,度忘れ,どわすれ,名詞/サ变,9,一时想不起来,
1652,恥,はじ,名詞,9,羞耻,
1653,落ち度,おちど,名詞,9,过失,
1654,过ち,あやまち,名詞,9,过错,
1655,とんだ,とんだ,連体詞,9,意外的，严重的,
1656,死なす,しなす,他動詞,9,使死亡,
1657,思いもよらない,おもいもよらない,形容詞句,9,意想不到,
1658,思いがけない,おもいがけない,形容詞,9,意想不到,
1659,意外,いがい,名詞/形容動詞,9,意外,
1660,案外,あんがい,副詞/形容動詞,9,意想不到,
1661,重大,じゅうだい,形容動詞,9,重大,
1662,とんでもない,とんでもない,形容詞,9,出乎意料,
1663,どんより,どんより,副詞/サ变,9,阴沉，浑浊,
1664,乃至,ないし,接続詞,9,或者；到，至,
1665,または,または,接続詞,9,或者,
1666,あるいは,あるいは,接続詞,9,或者,
1667,もしくは,もしくは,接続詞,9,或者,
1668,か,か,助詞,9,或者,
1669,内緒,ないしょ,名詞,9,瞒着，秘密,
1670,破る,やぶる,他動詞,9,打破（规章、制度、纪录等）,
1671,秘密,ひみつ,名詞,9,秘密,
1672,尚更,なおさら,副詞,9,更加，越发,
1673,更に,さらに,副詞,9,进一步，而且,
1674,益々,ますます,副詞,9,更加，益发,
1675,一層,いっそう,副詞,9,越发，更,
1676,一段と,いちだんと,副詞,9,更加，越发,
1677,前にして,まえにして,連語,9,在……之前,
1678,いっそ,いっそ,副詞/名詞,9,索性，干脆，倒不如,
1679,嘆く,なげく,他動詞,9,叹息，叹惋,
1680,嘆息,たんそく,名詞/サ変,9,叹息,
1681,溜息,ためいき,名詞,9,叹气,
1682,悲しく思う,かなしくおもう,動詞句,9,感到悲哀,
1683,投げる,なげる,他動詞,9,投，扔；抛弃,
1684,投げ出す,なげだす,他動詞,9,放弃，抛弃,
1685,放る,ほうる,他動詞,9,扔，放弃；置之不理,
1686,諦める,あきらめる,他動詞,9,放弃，死心,
1687,放棄,ほうき,名詞/サ変,9,放弃,
1688,断念,だんねん,名詞/サ変,9,断念，死心,
1689,～出す,だす,接尾辞,9,表示动作的开始或向外,
1690,言い出す,いいだす,他動詞,9,说出来,
1691,追い出す,おいだす,他動詞,9,赶出去，驱逐,
1692,思い出す,おもいだす,他動詞,9,想起，回忆起,
1693,差し出す,さしだす,他動詞,9,交出，递给，交给,
1694,和やか,なごやか,形容動詞,9,（氛围）和谐,
1695,和む,なごむ,自動詞,9,平静，缓和，温和,
1696,調和,ちょうわ,名詞/サ変,9,协调，和谐,
1697,穏やか,おだやか,形容動詞,9,平稳，温和，平静,
1698,和らぐ,やわらぐ,自動詞,9,缓和，减轻，平静,
1699,名残り,なごり,名詞,9,残余；惜别，依恋,
1700,残る,のこる,自動詞,9,残余，剩余,
1701,余る,あまる,自動詞,9,剩余,
1702,別れを惜しむ,わかれをおしむ,動詞句,9,惜别，恋恋不舍,
1703,未練,みれん,名詞/形容動詞,9,留恋，眷恋,
1704,未練がある,みれんがある,動詞句,9,留恋，依依不舍,
1705,情け,なさけ,名詞,9,同情，慈悲；爱情；情义,
1706,縋る,すがる,自動詞,9,依靠，依赖，求助于,
1707,容赦,ようしゃ,名詞/サ変,9,宽恕，原谅，留情,
1708,許す,ゆるす,他動詞,9,允许，宽恕,
1709,思いやり,おもいやり,名詞,9,体贴，关心，体谅,
1710,心遣い,こころづかい,名詞,9,关怀，体贴，关心,
1711,同情,どうじょう,名詞/サ変,9,同情,
1712,労り,いたわり,名詞,9,同情，体恤，怜恤,
1713,愛情,あいじょう,名詞,9,爱情,
1714,恋,こい,名詞,9,恋爱,
1715,人情,にんじょう,名詞,9,人情,
1716,情けない,なさけない,形容詞,9,令人遗憾的；可怜的；可耻的,
1717,惨め,みじめ,形容動詞,9,惨，悲惨,
1718,惜しい,おしい,形容詞,9,可惜,
1719,無念,むねん,名詞/形容動詞,9,遗憾，懊悔,
1720,浅ましい,あさましい,形容詞,9,卑鄙，可耻,
1721,卑しい,いやしい,形容詞,9,卑鄙的，可耻的,
1722,馴染め,なじめ,名詞,9,熟悉，熟人,
1723,虐め・苛め,いじめ,名詞,9,欺负,
1724,滲みる・染みる,しみる,自動詞,9,渗透，沁透，染,
1725,情け深い,なさけぶかい,形容詞,9,仁慈，富有同情心,
1726,詰る,なじる,他動詞,9,责问，责备,
1727,詰める,つめる,他動詞,9,阻塞，塞满,
1728,詰まる,つまる,自動詞,9,塞，阻塞,
1729,携わる,たずさわる,自動詞,9,参与，从事,
1730,携える,たずさえる,他動詞,9,携带,
1731,覆す,くつがえす,他動詞,9,推翻，颠覆，改变,
1732,覆う,おおう,他動詞,9,盖，覆盖,
1733,馴染む,なじむ,自動詞,9,习惯，适应，融入,
1734,过失,かしつ,名詞,9,过失,
1735,不満,ふまん,名詞/形容動詞,9,不满意，不满,
1736,過ち,あやまち,名詞,9,过错，错误,
1737,咎める,とがめる,自他動詞,9,责备；盘问；发炎,
1738,責める,せめる,他動詞,9,责备,
1739,詰問,きつもん,名詞/サ変,9,诘问,
1740,問い詰める,といつめる,他動詞,9,责问，盘问,
1741,名高い,なだかい,形容詞,9,有名，著名,
1742,有名,ゆうめい,形容動詞,9,有名,
1743,著名,ちょめい,形容動詞,9,著名,
1744,評判,ひょうばん,名詞,9,评价，名声,
1745,宛名,あてな,名詞,9,收件人姓名,
1746,宛先,あてさき,名詞,9,收件人地址,
1747,懐く,なつく,自動詞,9,接近，喜欢,
1748,懐かしい,なつかしい,形容詞,9,怀念，思慕,
1749,親しむ,したしむ,自動詞,9,亲近，亲密,
1750,慕う,したう,他動詞,9,倾慕，爱慕，追随,
1751,好意を持つ,こういをもつ,動詞句,9,有好感,
1752,懐,ふところ,名詞,9,怀抱；内心；经济状况；腰包,
1753,何気ない,なにげない,形容詞,9,无意，无心；若无其事,
1754,席につく,せきにつく,動詞句,9,就坐,
1755,さりげない,さりげない,形容詞,9,不经意，若无其事，不露声色,
1756,何卒,なにとぞ,副詞,9,请，务必,
1757,どうか,どうか,副詞,9,请,
1758,どうぞ,どうぞ,副詞,9,请,
1759,何分,なにぶん,副詞,9,请；终归；由于,
1760,何より,なより,副詞,9,最好不过，最好；最,
1761,一番,いちばん,名詞/副詞,9,第一，最好,
1762,最も,もっとも,副詞,9,最,
1763,生臭い,なまぐさい,形容詞,9,腥，膻,
1764,焦げ臭い,こげくさい,形容詞,9,烤焦的味道,
1765,土臭い,つちくさい,形容詞,9,土腥味；土里土气,
1766,面倒くさい,めんどうくさい,形容詞,9,非常麻烦,
1767,生ぬるい,なまぬるい,形容詞,9,微暖；不太彻底，不太严格,
1768,真夏,まなつ,名詞,9,盛夏,
1769,温い,ぬるい,形容詞,9,微温；态度温和,
1770,生身,なまみ,名詞,9,肉体，肉身,
1771,興じる,きょうじる,自動詞,9,兴致勃勃，感到有趣，享受,
1772,舐める,なめる,他動詞,9,舔；轻视，小看；尝受,
1773,舐めてかかる,なめてかかる,動詞句,9,轻敌，不当回事去做,
1774,覚める,さめる,自動詞,9,醒来，醒悟,
1775,冷める,さめる,自動詞,9,变凉，冷淡,
1776,見下げる,みさげる,他動詞,9,轻视，小看，蔑视,
1777,見下ろす,みおろす,他動詞,9,俯瞰，看不起,
1778,侮る,あなどる,他動詞,9,侮辱，小看，蔑视,
1779,バカにする,ばかにする,動詞句,9,把别人当傻子，小看别人,
1780,経験する,けいけんする,サ変,9,体验，经历,
1781,味わう,あじわう,他動詞,9,品尝，鉴赏；体验好的事情,
1782,並びに,ならびに,接続詞,9,以及,
1783,裁判官,さいばんかん,名詞,9,法官,
1784,検事,けんじ,名詞,9,检察官,
1785,弁護士,べんごし,名詞,9,律师,
1786,判断,はんだん,名詞/サ変,9,判断,
1787,裁判,さいばん,名詞/サ変,9,裁判,
1788,評判,ひょうばん,名詞,9,出名，好评,
1789,審判,しんぱん,名詞/サ変,9,审判；比赛裁判,
1790,と,と,助詞,9,和,
1791,及び,および,接続詞,9,以及,
1792,且つ,かつ,接続詞,9,以及，且,
1793,それに,それに,接続詞,9,而且,
1794,しかも,しかも,接続詞,9,而且,
1795,そして,そして,接続詞,9,而且,
1796,馴れ馴れしい,なれなれしい,形容詞,9,过分亲昵,
1797,馴れる,なれる,自動詞,9,驯熟，习惯，熟练,
1798,無遠慮,むえんりょ,名詞/形容動詞,9,不客气，随便,
1799,堂々,どうどう,形容動詞/副詞,9,堂堂正正,
1800,似通う,にかよう,自動詞,9,相似，类似,
1801,似る,にる,自動詞,9,相似，相像,
1802,通う,かよう,自動詞,9,通勤；通过,
1803,似合う,にあう,自動詞,9,合适，相称,
1804,相応しい,ふさわしい,形容詞,9,适合的，相称的,
1805,賑わう,にぎわう,自動詞,9,热闹，繁华,
1806,賑やか,にぎやか,形容動詞,9,热闹,
1807,人出が多い,ひとでおおい,句,9,外出的人群多，热闹,
1808,雑踏,ざっとう,名詞/サ変,9,杂沓，拥挤,
1809,繁盛,はんじょう,名詞/サ変,9,繁荣,
1810,豊か,ゆたか,形容動詞,9,丰富，丰裕,
1811,栄える,さかえる,自動詞,9,繁荣，兴旺,
1812,盛,さかり,名詞,9,旺盛，繁荣昌盛,
1813,盛る,さかる,自動詞,9,繁荣昌盛,
1814,盛る,もる,他動詞,9,盛东西，堆积,
1815,盛大,せいだい,名詞/形容動詞,9,盛大,
1816,滲む,にじむ,自動詞,9,渗透；反映出,
1817,染みる,しみる,自動詞,9,染上，渗，沁透,
1818,伪物・伪者,にせもの,名詞,9,假货；假冒者,
1819,本物,ほんもの,名詞,9,真货，真品,
1820,偽造,ぎぞう,名詞/サ変,9,伪造,
1821,伪る,いつわる,他動詞,9,伪装，欺骗,
1822,労る,いたわる,他動詞,9,体贴，照顾，安慰,
1823,伝わる,つたわる,自動詞,9,流传，传达,
1824,担う,になう,他動詞,9,肩负，担负,
1825,背負う,せおう,他動詞,9,背负,
1826,負担,ふたん,名詞/サ変,9,负担,
1827,担ぐ,かつぐ,他動詞,9,抗，抬,
1828,人情,にんじょう,名詞,9,人情,
1829,頼り,たより,名詞,9,依赖，消息,
1830,頼る,たよる,自動詞,9,依靠，依赖,
1831,頼む,たのむ,他動詞,9,拜托，请求,
1832,頼もしい,たのもしい,形容詞,9,可信赖的,
1833,依頼,いらい,名詞/サ変,9,委托，拜托，请求,
1834,人间,にんげん,名詞,9,人类,
1835,犯人,はんにん,名詞,9,犯人,
1836,病人,びょうにん,名詞,9,病人,
1837,晴雨,せいう,名詞,9,晴雨,
1838,晴天,せいてん,名詞,9,晴天,
1839,冷静,れいせい,名詞/形容動詞,9,冷静,
1840,情け,なさけ,名詞,9,同情，慈悲；情义,
1841,抜け出す,ぬけだす,自動詞,9,摆脱,
1842,局面,きょくめん,名詞,9,局面,
1843,逃れる,のがれる,自動詞,9,逃脱，逃离,
1844,切り抜ける,きりぬける,他動詞,9,突破，摆脱,
1845,乗り越える,のりこえる,他動詞,9,克服，超越，跨越,
1846,音,ね,名詞,9,叫苦；音乐；声音,
1847,音,おと,名詞,9,声音,
1848,音色,ねいろ,名詞,9,音色,
1849,音乐,おんがく,名詞,9,音乐,
1850,色,しき,名詞,9,色彩,
1851,景色,けしき,名詞,9,景色,
1852,色彩,しきさい,名詞,9,色彩,
1853,特色,とくしょく,名詞,9,特色,
1854,値打ち,ねうち,名詞,9,价值,
1855,価値,かち,名詞,9,价值,
1856,値段,ねだん,名詞,9,价格,
1857,値,あたい,名詞,9,价值,
1858,捻れる,ねじれる,自動詞,9,物体弯曲，扭歪；乖僻,
1859,釘,くぎ,名詞,9,钉子,
1860,螺,ねじ,名詞,9,螺丝,
1861,曲がる,まがる,自動詞,9,弯曲，歪,
1862,歪む,ゆがむ,自動詞,9,歪，歪曲,
1863,屈折,くっせつ,名詞/サ変,9,屈折；弯曲,
1864,くねる,くねる,自動詞,9,弯曲；性格乖僻,
1865,拗れる,こじれる,自動詞,9,恶化，复杂；别扭,
1866,妬む,ねたむ,他動詞,9,嫉妒,
1867,嫌がる,いやがる,他動詞,9,讨厌，不愿意,
1868,嫉妬,しっと,名詞/サ変,9,嫉妒,
1869,羨む,うらやむ,他動詞,9,羡慕,
1870,羨ましい,うらやましい,形容詞,9,羡慕,
1871,妬む,ねたむ,他動詞,9,嫉妒,
1872,恨む,うらむ,他動詞,9,恨,
1873,憎む,にくむ,他動詞,9,憎恨,
1874,強請る,ねだる,他動詞,9,死乞白赖的要求,
1875,無理に頼む,むりにたのむ,動詞句,9,强行请求,
1876,値引き,ねびき,名詞/サ変,9,降价，减价,
1877,値下げ,ねさげ,名詞/サ変,9,降价,
1878,安価,あんか,名詞/形容動詞,9,便宜,
1879,割引,わりびき,名詞/サ変,9,折扣,
1880,値上げ,ねあげ,名詞/サ変,9,提价,
1881,根回し,ねまわし,名詞/サ変,9,事前说明，打下基础,
1882,すんなり,すんなり,副詞,9,顺利，顺利地,
1883,顺调に,じゅんちょうに,副詞句,9,顺利地,
1884,手回し,てまわし,名詞/サ変,9,准备，布置，安排,
1885,手配,てはい,名詞/サ変,9,安排，部署,
1886,根気,こんき,名詞,9,耐心，耐性,
1887,根性,こんじょう,名詞,9,根性，本性,
1888,垣根,かきね,名詞,9,围墙，栅栏,
1889,屋根,やね,名詞,9,房顶，屋顶,
1890,練る,ねる,他動詞,9,搅拌，揉；锻炼；斟酌,
1891,粉,こな,名詞,9,粉，粉末,
1892,胆力,たんりょく,名詞,9,胆量,
1893,構想,こうそう,名詞,9,构思,
1894,混ぜる,まぜる,他動詞,9,混合，搅拌,
1895,掻き回す,かきまわす,他動詞,9,搅拌,
1896,混じる,まじる,自動詞,9,夹杂,
1897,鍛える,きたえる,他動詞,9,磨练，锤炼,
1898,磨く,みがく,他動詞,9,磨练，锤炼,
1899,思考,しこう,名詞/サ変,9,思考,
1900,考える,かんがえる,他動詞,9,想，思考,
1901,納入,のうにゅう,名詞/サ変,9,缴纳，交纳,
1902,納品,のうひん,名詞/サ変,9,交货,
1903,納得,なっとく,名詞/サ変,9,领会，理解,
1904,納める,おさめる,他動詞,9,交纳，缴纳,
1905,収める,おさめる,他動詞,9,收取，平定,
1906,修める,おさめる,他動詞,9,修学分，修学业,
1907,治める,おさめる,他動詞,9,治理国家,
1908,進入,しんにゅう,名詞/サ変,9,进入,
1909,進出,しんしゅつ,名詞/サ変,9,进入（社会等）,
1910,逃す,のがす,他動詞,9,放过，错过,
1911,見逃す,みのがす,他動詞,9,错过，放过，忽视,
1912,容赦,ようしゃ,名詞/サ変,9,宽恕，留情,
1913,許す,ゆるす,他動詞,9,允许，宽恕,
1914,逃れる,のがれる,自動詞,9,逃避，摆脱,
1915,進路,しんろ,名詞,9,去向，进路,
1916,逃げる,にげる,自動詞,9,逃跑；逃避,
1917,軒並み,のきなみ,名詞/副詞,9,一律,
1918,軒,のき,名詞,9,房屋，屋檐,
1919,～軒,けん,助数詞,9,~家，~栋,
1920,月並み,つきなみ,形容動詞,9,平庸，普通的,
1921,人並み,ひとなみ,名詞/形容動詞,9,平凡的，普通的,
1922,手並み,てなみ,名詞,9,本领，技能，本事,
1923,望ましい,のぞましい,形容詞,9,令人期待的，最理想的,
1924,事前,じぜん,名詞,9,事先,
1925,予め,あらかじめ,副詞,9,事先,
1926,前もって,まえもって,副詞,9,事先,
1927,募る,つのる,自他動詞,9,招募，募集；加剧,
1928,望む,のぞむ,他動詞,9,期望，希望,
1929,好ましい,このましい,形容詞,9,可喜的，令人满意的,
1930,臨む,のぞむ,自動詞,9,面对，参加,
1931,面する,めんする,自動詞,9,面对,
1932,参加,さんか,名詞/サ変,9,参加,
1933,携わる,たずさわる,自動詞,9,参与，从事,
1934,寸前,すんぜん,名詞,9,即将，眼看就要,
1935,長閑,のどか,形容動詞,9,和暖；悠闲，宁静,
1936,穏やか,おだやか,形容動詞,9,稳和，平静,
1937,のんびり,のんびり,副詞/サ変,9,悠闲，自在,
1938,落ち着く,おちつく,自動詞,9,平静，安定,
1939,罵る,ののしる,他動詞,9,谩骂，咒骂,
1940,悪口,わるくち,名詞,9,坏话,
1941,怒鳴る,どなる,自他動詞,9,怒吼，大声喊,
1942,叱る,しかる,他動詞,9,呵斥，责备,
1943,把握,はあく,名詞/サ変,9,掌握,
1944,あまりに,あまりに,副詞,9,过于，非常,
1945,握手,あくしゅ,名詞,9,握手,
1946,理解,りかい,名詞/サ変,9,理解,
1947,背景,はいけい,名詞,9,背景,
1948,背後,はいご,名詞,9,背后，幕后,
1949,ちらつく,ちらつく,自動詞,9,若隐若现,
1950,ちらりと,ちらりと,副詞,9,一闪一过,
1951,ちらっと,ちらっと,副詞,9,一晃而过,
1952,ちらちら,ちらちら,副詞/サ変,9,闪烁不定,
1953,拝借,はいしゃく,名詞/サ変,9,借（自谦）,
1954,恩恵,おんけい,名詞,9,恩惠,
1955,恵まれる,めぐまれる,自動詞,9,富有，恩赐,
1956,拝見,はいけん,名詞/サ変,9,看（自谦）,
1957,拝読,はいどく,名詞/サ変,9,读（自谦）,
1958,借金,しゃっきん,名詞/サ変,9,借钱,
1959,謝金,しゃきん,名詞,9,酬金,
1960,配分,はいぶん,名詞/サ変,9,分配,
1961,相続人,そうぞくにん,名詞,9,继承人,
1962,紹介,しょうかい,名詞/サ変,9,介绍,
1963,平和,へいわ,名詞/形容動詞,9,和平,
1964,段階,だんかい,名詞,9,阶段,
1965,遺言,ゆいごん,名詞/サ変,9,遗言,
1966,受け継ぐ,うけつぐ,他動詞,9,继承,
1967,踏襲,とうしゅう,名詞/サ変,9,沿袭,
1968,配る,くばる,他動詞,9,分发,
1969,分ける,わける,他動詞,9,区分,
1970,配列,はいれつ,名詞/サ変,9,排列,
1971,並べる,ならべる,他動詞,9,摆放,
1972,連ねる,つらねる,他動詞,9,列举，连接,
1973,陳列,ちんれつ,名詞/サ変,9,陈列,
1974,捗る,はかどる,自動詞,9,进展顺利,
1975,円滑,えんかつ,名詞/形容動詞,9,顺利,
1976,順調,じゅんちょう,名詞/形容動詞,9,顺利,
1977,スムーズ,すむーず,形容動詞,9,流畅,
1978,儚い,はかない,形容詞,9,短暂的，虚幻的,
1979,虚しい,むなしい,形容詞,9,空虚,
1980,虚ろ,うつろ,名詞/形容動詞,9,空洞,
1981,短い,みじかい,形容詞,9,短,
1982,味気ない,あじけない,形容詞,9,无聊,
1983,あっけない,あっけない,形容詞,9,太简单，不尽兴,
1984,あどけない,あどけない,形容詞,9,天真无邪,
1985,幼い,おさない,形容詞,9,幼小,
1986,だらしない,だらしない,形容詞,9,邋遢,
1987,剥ぐ,はぐ,他動詞,9,扒下，剥下；剥夺,
1988,身ぐるみ,みぐるみ,名詞,9,全身衣服,
1989,去る,さる,自他動詞,9,离开,
1990,持ち去る,もちさる,他動詞,9,带走,
1991,取り除く,とりのぞく,他動詞,9,去除,
1992,脱がす,ぬがす,他動詞,9,使脱下,
1993,奪う,うばう,他動詞,9,夺,
1994,取り上げる,とりあげる,他動詞,9,采纳；没收,
1995,剥げる,はげる,自動詞,9,剥落,
1996,褪せる,あせる,自動詞,9,褪色,
1997,迫害,はくがい,名詞/サ変,9,迫害,
1998,贯く,つらぬく,他動詞,9,贯彻,
1999,白状,はくじょう,名詞/サ変,9,坦白，招认,
2000,告白,こくはく,名詞/サ変,9,告白,
2001,打ち明ける,うちあける,他動詞,9,坦率说出,
2002,明かす,あかす,他動詞,9,揭露,
2003,隠す,かくす,他動詞,9,隐藏,
2004,漠然,ばくぜん,形容動詞,9,含糊，模糊,
2005,沙漠,さばく,名詞,9,沙漠,
2006,莫大,ばくだい,名詞/形容動詞,9,莫大,
2007,曖昧,あいまい,名詞/形容動詞,9,暧昧,
2008,あやふや,あやふや,形容動詞,9,含糊,
2009,はっきりしない,はっきりしない,動詞句,9,不清楚,
2010,不明確,ふめいかく,名詞/形容動詞,9,不明确,
2011,依然,いぜん,副詞,9,依然,
2012,呆然,ぼうぜん,副詞/サ変/形容動詞,9,发呆,
2013,茫然,ぼうぜん,副詞/サ変/形容動詞,9,茫然,
2014,励ます,はげます,他動詞,9,激励，鼓励,
2015,激励,げきれい,名詞/サ変,9,激励,
2016,力づける,ちからづける,他動詞,9,鼓励,
2017,応援,おうえん,名詞/サ変,9,助威,
2018,励む,はげむ,自動詞,9,努力,
2019,努める,つとめる,自動詞,9,努力,
2020,精出す,せいだす,自動詞,9,努力,
2021,最善を尽くす,さいぜんをつくす,動詞句,9,尽最大努力,
2022,怠る,おこたる,他動詞,9,懈怠,
2023,怠ける,なまける,自他動詞,9,偷懒,
2024,弾く,はじく,他動詞,9,防，抗；弹开,
2025,防ぐ,ふせぐ,他動詞,9,防御,
2026,弾ける,はじける,自動詞,9,弹开,
2027,恥じらう,はじらう,自動詞,9,害羞,
2028,恥,はじ,名詞,9,耻辱,
2029,照れくさい,てれくさい,形容詞,9,难为情,
2030,きまり悪い,きまりわるい,形容詞,9,不好意思,
2031,恥じる,はじる,自動詞,9,惭愧，羞愧,
2032,恥をかく,はじをかく,動詞句,9,丢脸,
2033,面目ない,めんぼくない,形容詞,9,没脸见人,
2034,破廉恥,はれんち,名詞/形容動詞,9,无耻,
2035,橋渡し,はしわたし,名詞/サ変,9,搭桥，中间人,
2036,仲介,ちゅうかい,名詞/サ変,9,仲介,
2037,渡す,わたす,他動詞,9,交给,
2038,渡る,わたる,自動詞,9,渡,
2039,弾む,はずむ,自動詞,9,情绪高涨；跳，蹦,
2040,破損,はそん,名詞/サ変,9,破损，损坏,
2041,破片,はへん,名詞,9,碎片,
2042,損失,そんしつ,名詞/サ変,9,损失,
2043,損得,そんとく,名詞,9,得失,
2044,破る,やぶる,他動詞,9,弄破,
2045,破れる・敗れる,やぶれる,自動詞,9,破裂；失败,
2046,損なう,そこなう,他動詞,9,损坏,
2047,壊れる,こわれる,自動詞,9,坏,
2048,割れる,われる,自動詞,9,碎,
2049,発生,はっせい,名詞/サ変,9,发生,
2050,生じる,しょうじる,自他動詞,9,产生,
2051,発刊,はっかん,名詞/サ変,9,创刊,
2052,発掘,はっくつ,名詞/サ変,9,发掘,
2053,発行,はっこう,名詞/サ変,9,发行,
2054,发达,はったつ,名詞/サ変,9,发达,
2055,発売,はつばい,名詞/サ変,9,发售,
2056,初耳,はつみみ,名詞,9,初次听到,
2057,初恋,はつこい,名詞,9,初恋,
2058,初詣,はつもうで,名詞/サ変,9,初诣,
2059,初日の出,はつひので,名詞,9,元旦日出,
2060,果て,はて,名詞,9,边际，尽头,
2061,冒険,ぼうけん,名詞/サ変,9,冒险,
2062,果てしない,はてしない,形容詞,9,无边无际,
2063,果たす,はたす,他動詞,9,发挥，实现,
2064,ばてる,ばてる,自動詞,9,疲乏，精疲力竭,
2065,疲れる,つかれる,自動詞,9,疲劳,
2066,草臥れる,くたびれる,自動詞,9,疲劳,
2067,くたくた,くたくた,形容動詞/副詞,9,筋疲力尽,
2068,甚だ,はなはだ,副詞,9,太，非常,
2069,とても,とても,副詞,9,非常,
2070,かなり,かなり,副詞/形容動詞,9,颇,
2071,極めて,きわめて,副詞,9,极其,
2072,極,ごく,副詞,9,极,
2073,誠に,まことに,副詞,9,诚,
2074,いかにも,いかにも,副詞,9,果然,
2075,至って,いたって,副詞,9,非常,
2076,甚だしい,はなはだしい,形容詞,9,很，甚,
2077,華々しい,はなばなしい,形容詞,9,华丽，轰轰烈烈,
2078,見事,みごと,名詞/形容動詞,9,精彩,
2079,立派,りっぱ,名詞/形容動詞,9,出色,
2080,目覚ましい,めざましい,形容詞,9,惊人,
2081,目立つ,めだつ,自動詞,9,引人注目,
2082,華やか,はなやか,形容動詞,9,华丽,
2083,派手やか,はでやか,形容動詞,9,华丽,
2084,阻む,はばむ,他動詞,9,阻碍，阻拦,
2085,割れ目,われめ,名詞,9,裂缝,
2086,妨げる,さまたげる,他動詞,9,妨碍,
2087,障る,さわる,自動詞,9,有害，妨碍,
2088,差し支える,さしつかえる,自動詞,9,妨碍,
2089,阻止,そし,名詞/サ変,9,阻止,
2090,邪魔,じゃま,名詞/形容動詞/サ変,9,打扰,
2091,遮断,しゃだん,名詞/サ変,9,遮断,
2092,遮る,さえぎる,他動詞,9,遮挡,
2093,生やす,はやす,他動詞,9,留，蓄；使生长,
2094,髭,ひげ,名詞,9,胡子,
2095,口ひげ,くちひげ,名詞,9,八字胡,
2096,生える,はえる,自動詞,9,生，长,
2097,根付く,ねづく,自動詞,9,扎根,
2098,流行る,はやる,自動詞,9,流行,
2099,はらはら,はらはら,副詞/サ变,9,捏一把汗；飘落,
2100,心配,しんぱい,名詞/形容動詞/サ変,9,担心,
2101,気を揉む,きをもむ,動詞句,9,焦急，操心,
2102,舞う,まう,自動詞,9,飞舞,
2103,散る,ちる,自動詞,9,散落,
2104,落ちる,おちる,自動詞,9,落下,
2105,ばらばら,ばらばら,名詞/副詞/形容動詞,9,零乱,
2106,ばら蒔く,ばらまく,他動詞,9,散步到处；散发,
2107,小銭,こぜに,名詞,9,零钱,
2108,ばら,ばら,名詞,9,散乱,
2109,撒く・蒔く,まく,他動詞,9,撒,
2110,散らす,ちらす,他動詞,9,分散,
2111,疎ら,まばら,形容動詞,9,稀疏,
2112,遥か,はるか,副詞/形容動詞,9,远方，遥远,
2113,水平線,すいへいせん,名詞,9,水平线,
2114,朝日,あさひ,名詞,9,旭日,
2115,昇る,のぼる,自動詞,9,升起,
2116,遥かに,はるかに,副詞,9,远,
2117,遥々,はるばる,副詞,9,迢迢,
2118,腫れる,はれる,自動詞,9,肿,
2119,膨れる,ふくれる,自動詞,9,胀,
2120,気触れる,かぶれる,自動詞,9,起炎症,
2121,咎める,とがめる,自他動詞,9,红肿，发炎,
2122,繁盛,はんじょう,名詞/サ変,9,繁盛,
2123,評判になる,ひょうばんになる,動詞句,9,有名,
2124,盛る,さかる,自動詞,9,繁荣,
2125,盛る,もる,他動詞,9,盛,
2126,盛大,せいだい,名詞/形容動詞,9,盛大,
2127,繁栄,はんえい,名詞/サ変,9,繁荣,
2128,栄える,さかえる,自動詞,9,兴旺,
2129,賑わう,にぎわう,自動詞,9,热闹,
2130,反する,はんする,自動詞,9,违反，相反,
2131,抗する,こうする,自動詞,9,抗拒,
2132,抵抗,ていこう,名詞/サ变,9,抵抗,
2133,反抗,はんこう,名詞/サ変,9,反抗,
2134,反骨,はんこつ,名詞,9,反骨,
2135,逆さま,さかさま,名詞/形容動詞,9,颠倒,
2136,逆らう,さからう,自動詞,9,违抗,
2137,違反,いはん,名詞/サ変,9,违反,
2138,犯す,おかす,他動詞,9,犯,
2139,比べる,くらべる,他動詞,9,比较,
2140,对する,たいする,自動詞,9,面对，相对,
2141,反発,はんぱつ,名詞/サ変,9,反抗,
2142,万能,ばんのう,名詞/形容動詞,9,万能，全能,
2143,万歳,ばんざい,名詞/サ変,9,万岁,
2144,万全,ばんぜん,名詞/形容動詞,9,万全,
2145,万事,バんじ,名詞,9,万事,
2146,半端,はんぱ,名詞/形容動詞,9,零散；不彻底,
2147,不揃い,ふそろい,名詞/形容動詞,9,不整齐,
2148,いい加減,いいかげん,名詞/形容動詞,9,马虎,
2149,役に立つ,やくにたつ,動詞句,9,起作用,
2150,一人前,いちにんまえ,名詞,9,成人，独当一面,
2151,反発,はんぱつ,名詞/サ変,9,反抗，反感；排斥,
2152,猛反対,もうはんたい,名詞/サ変,9,强烈反对,
2153,賛成,さんせい,名詞/サ変,9,赞成,
2154,従う,したがう,自動詞,9,服从,
2155,受け付ける,うけつける,他動詞,9,受理,
2156,活発,かっぱつ,名詞/形容動詞,9,活泼,
2157,触発,しょくはつ,名詞/サ変,9,触发,
2158,ひいては,ひいては,接続詞,9,不但~而且，进而,
2159,ひいて,ひいて,接続詞,9,进而,
2160,更に,さらに,副詞,9,进一步,
2161,控える,ひかえる,他動詞,9,控制，记录；临近,
2162,間近,まぢか,名詞/形容動詞,9,接近,
2163,控除,こうじょ,名詞/サ変,9,扣除,
2164,抑制,よくせい,名詞/サ変,9,抑制,
2165,抑える,おさえる,他動詞,9,压制,
2166,メモする,めもする,名詞/サ変,9,记录,
2167,書き留める,かきとめる,他動詞,9,记下,
2168,临む,のぞむ,自動詞,9,临近，参加,
2169,密か,ひそか,形容動詞,9,暗中，悄悄,
2170,こっそり,こっそり,副詞,9,悄悄,
2171,把握,はあく,名詞/サ変,9,掌握,
2172,あまりに,あまりに,副詞,9,过于，非常,
2173,握手,あくしゅ,名詞,9,握手,
2174,理解,りかい,名詞/サ変,9,理解,
2175,背景,はいけい,名詞,9,背景,
2176,背後,はいご,名詞,9,背后，幕后,
2177,ちらつく,ちらつく,自動詞,9,若隐若现,
2178,ちらりと,ちらりと,副詞,9,一闪一过,
2179,ちらっと,ちらっと,副詞,9,一晃而过,
2180,ちらちら,ちらちら,副詞/サ変,9,闪烁不定,
2181,拝借,はいしゃく,名詞/サ変,9,借（自谦）,
2182,恩恵,おんけい,名詞,9,恩惠,
2183,恵まれる,めぐまれる,自動詞,9,富有，恩赐,
2184,拝見,はいけん,名詞/サ変,9,看（自谦）,
2185,拝読,はいどく,名詞/サ変,9,读（自谦）,
2186,借金,しゃっきん,名詞/サ変,9,借钱,
2187,謝金,しゃきん,名詞,9,酬金,
2188,配分,はいぶん,名詞/サ変,9,分配,
2189,相続人,そうぞくにん,名詞,9,继承人,
2190,紹介,しょうかい,名詞/サ変,9,介绍,
2191,平和,へいわ,名詞/形容動詞,9,和平,
2192,段階,だんかい,名詞,9,阶段,
2193,遺言,ゆいごん,名詞/サ変,9,遗言,
2194,受け継ぐ,うけつぐ,他動詞,9,继承,
2195,踏襲,とうしゅう,名詞/サ変,9,沿袭,
2196,配る,くばる,他動詞,9,分发,
2197,分ける,わける,他動詞,9,区分,
2198,配列,はいれつ,名詞/サ変,9,排列,
2199,並べる,ならべる,他動詞,9,摆放,
2200,連ねる,つらねる,他動詞,9,列举，连接,
2201,陳列,ちんれつ,名詞/サ変,9,陈列,
2202,捗る,はかどる,自動詞,9,进展顺利,
2203,円滑,えんかつ,名詞/形容動詞,9,顺利,
2204,順調,じゅんちょう,名詞/形容動詞,9,顺利,
2205,スムーズ,すむーず,形容動詞,9,流畅,
2206,儚い,はかない,形容詞,9,短暂的，虚幻的,
2207,虚しい,むなしい,形容詞,9,空虚,
2208,虚ろ,うつろ,名詞/形容動詞,9,空洞,
2209,短い,みじかい,形容詞,9,短,
2210,味気ない,あじけない,形容詞,9,无聊,
2211,あっけない,あっけない,形容詞,9,太简单，不尽兴,
2212,あどけない,あどけない,形容詞,9,天真无邪,
2213,幼い,おさない,形容詞,9,幼小,
2214,だらしない,だらしない,形容詞,9,邋遢,
2215,剥ぐ,はぐ,他動詞,9,扒下，剥下；剥夺,
2216,身ぐるみ,みぐるみ,名詞,9,全身衣服,
2217,去る,さる,自他動詞,9,离开,
2218,持ち去る,もちさる,他動詞,9,带走,
2219,取り除く,とりのぞく,他動詞,9,去除,
2220,脱がす,ぬがす,他動詞,9,使脱下,
2221,奪う,うばう,他動詞,9,夺,
2222,取り上げる,とりあげる,他動詞,9,采纳；没收,
2223,剥げる,はげる,自動詞,9,剥落,
2224,褪せる,あせる,自動詞,9,褪色,
2225,迫害,はくがい,名詞/サ変,9,迫害,
2226,贯く,つらぬく,他動詞,9,贯彻,
2227,白状,はくじょう,名詞/サ変,9,坦白，招认,
2228,告白,こくはく,名詞/サ変,9,告白,
2229,打ち明ける,うちあける,他動詞,9,坦率说出,
2230,明かす,あかす,他動詞,9,揭露,
2231,隠す,かくす,他動詞,9,隐藏,
2232,漠然,ばくぜん,形容動詞,9,含糊，模糊,
2233,沙漠,さばく,名詞,9,沙漠,
2234,莫大,ばくだい,名詞/形容動詞,9,莫大,
2235,曖昧,あいまい,名詞/形容動詞,9,暧昧,
2236,あやふや,あやふや,形容動詞,9,含糊,
2237,はっきりしない,はっきりしない,動詞句,9,不清楚,
2238,不明確,ふめいかく,名詞/形容動詞,9,不明确,
2239,依然,いぜん,副詞,9,依然,
2240,呆然,ぼうぜん,副詞/サ変/形容動詞,9,发呆,
2241,茫然,ぼうぜん,副詞/サ変/形容動詞,9,茫然,
2242,励ます,はげます,他動詞,9,激励，鼓励,
2243,激励,げきれい,名詞/サ変,9,激励,
2244,力づける,ちからづける,他動詞,9,鼓励,
2245,応援,おうえん,名詞/サ変,9,助威,
2246,励む,はげむ,自動詞,9,努力,
2247,努める,つとめる,自動詞,9,努力,
2248,精出す,せいだす,自動詞,9,努力,
2249,最善を尽くす,さいぜんをつくす,動詞句,9,尽最大努力,
2250,怠る,おこたる,他動詞,9,懈怠,
2251,怠ける,なまける,自他動詞,9,偷懒,
2252,弾く,はじく,他動詞,9,防，抗；弹开,
2253,防ぐ,ふせぐ,他動詞,9,防御,
2254,弾ける,はじける,自動詞,9,弹开,
2255,恥じらう,はじらう,自動詞,9,害羞,
2256,恥,はじ,名詞,9,耻辱,
2257,照れくさい,てれくさい,形容詞,9,难为情,
2258,きまり悪い,きまりわるい,形容詞,9,不好意思,
2259,恥じる,はじる,自動詞,9,惭愧，羞愧,
2260,恥をかく,はじをかく,動詞句,9,丢脸,
2261,面目ない,めんぼくない,形容詞,9,没脸见人,
2262,破廉恥,はれんち,名詞/形容動詞,9,无耻,
2263,橋渡し,はしわたし,名詞/サ変,9,搭桥，中间人,
2264,仲介,ちゅうかい,名詞/サ変,9,仲介,
2265,渡す,わたす,他動詞,9,交给,
2266,渡る,わたる,自動詞,9,渡,
2267,弾む,はずむ,自動詞,9,情绪高涨；跳，蹦,
2268,破損,はそん,名詞/サ変,9,破损，损坏,
2269,破片,はへん,名詞,9,碎片,
2270,損失,そんしつ,名詞/サ変,9,损失,
2271,損得,そんとく,名詞,9,得失,
2272,破る,やぶる,他動詞,9,弄破,
2273,破れる・敗れる,やぶれる,自動詞,9,破裂；失败,
2274,損なう,そこなう,他動詞,9,损坏,
2275,壊れる,こわれる,自動詞,9,坏,
2276,割れる,われる,自動詞,9,碎,
2277,発生,はっせい,名詞/サ変,9,发生,
2278,生じる,しょうじる,自他動詞,9,产生,
2279,発刊,はっかん,名詞/サ変,9,创刊,
2280,発掘,はっくつ,名詞/サ変,9,发掘,
2281,発行,はっこう,名詞/サ変,9,发行,
2282,发达,はったつ,名詞/サ変,9,发达,
2283,発売,はつばい,名詞/サ変,9,发售,
2284,初耳,はつみみ,名詞,9,初次听到,
2285,初恋,はつこい,名詞,9,初恋,
2286,初詣,はつもうで,名詞/サ変,9,初诣,
2287,初日の出,はつひので,名詞,9,元旦日出,
2288,果て,はて,名詞,9,边际，尽头,
2289,冒険,ぼうけん,名詞/サ変,9,冒险,
2290,果てしない,はてしない,形容詞,9,无边无际,
2291,果たす,はたす,他動詞,9,发挥，实现,
2292,ばてる,ばてる,自動詞,9,疲乏，精疲力竭,
2293,疲れる,つかれる,自動詞,9,疲劳,
2294,草臥れる,くたびれる,自動詞,9,疲劳,
2295,くたくた,くたくた,形容動詞/副詞,9,筋疲力尽,
2296,甚だ,はなはだ,副詞,9,太，非常,
2297,とても,とても,副詞,9,非常,
2298,かなり,かなり,副詞/形容動詞,9,颇,
2299,極めて,きわめて,副詞,9,极其,
2300,極,ごく,副詞,9,极,
2301,誠に,まことに,副詞,9,诚,
2302,いかにも,いかにも,副詞,9,果然,
2303,至って,いたって,副詞,9,非常,
2304,甚だしい,はなはだしい,形容詞,9,很，甚,
2305,華々しい,はなばなしい,形容詞,9,华丽，轰轰烈烈,
2306,見事,みごと,名詞/形容動詞,9,精彩,
2307,立派,りっぱ,名詞/形容動詞,9,出色,
2308,目覚ましい,めざましい,形容詞,9,惊人,
2309,目立つ,めだつ,自動詞,9,引人注目,
2310,華やか,はなやか,形容動詞,9,华丽,
2311,派手やか,はでやか,形容動詞,9,华丽,
2312,阻む,はばむ,他動詞,9,阻碍，阻拦,
2313,割れ目,われめ,名詞,9,裂缝,
2314,妨げる,さまたげる,他動詞,9,妨碍,
2315,障る,さわる,自動詞,9,有害，妨碍,
2316,差し支える,さしつかえる,自動詞,9,妨碍,
2317,阻止,そし,名詞/サ変,9,阻止,
2318,邪魔,じゃま,名詞/形容動詞/サ変,9,打扰,
2319,遮断,しゃだん,名詞/サ変,9,遮断,
2320,遮る,さえぎる,他動詞,9,遮挡,
2321,生やす,はやす,他動詞,9,留，蓄；使生长,
2322,髭,ひげ,名詞,9,胡子,
2323,口ひげ,くちひげ,名詞,9,八字胡,
2324,生える,はえる,自動詞,9,生，长,
2325,根付く,ねづく,自動詞,9,扎根,
2326,流行る,はやる,自動詞,9,流行,
2327,はらはら,はらはら,副詞/サ变,9,捏一把汗；飘落,
2328,心配,しんぱい,名詞/形容動詞/サ変,9,担心,
2329,気を揉む,きをもむ,動詞句,9,焦急，操心,
2330,舞う,まう,自動詞,9,飞舞,
2331,散る,ちる,自動詞,9,散落,
2332,落ちる,おちる,自動詞,9,落下,
2333,ばらばら,ばらばら,名詞/副詞/形容動詞,9,零乱,
2334,ばら蒔く,ばらまく,他動詞,9,散步到处；散发,
2335,小銭,こぜに,名詞,9,零钱,
2336,ばら,ばら,名詞,9,散乱,
2337,撒く・蒔く,まく,他動詞,9,撒,
2338,散らす,ちらす,他動詞,9,分散,
2339,疎ら,まばら,形容動詞,9,稀疏,
2340,遥か,はるか,副詞/形容動詞,9,远方，遥远,
2341,水平線,すいへいせん,名詞,9,水平线,
2342,朝日,あさひ,名詞,9,旭日,
2343,昇る,のぼる,自動詞,9,升起,
2344,遥かに,はるかに,副詞,9,远,
2345,遥々,はるばる,副詞,9,迢迢,
2346,腫れる,はれる,自動詞,9,肿,
2347,膨れる,ふくれる,自動詞,9,胀,
2348,気触れる,かぶれる,自動詞,9,起炎症,
2349,咎める,とがめる,自他動詞,9,红肿，发炎,
2350,繁盛,はんじょう,名詞/サ変,9,繁盛,
2351,評判になる,ひょうばんになる,動詞句,9,有名,
2352,盛る,さかる,自動詞,9,繁荣,
2353,盛る,もる,他動詞,9,盛,
2354,盛大,せいだい,名詞/形容動詞,9,盛大,
2355,繁栄,はんえい,名詞/サ変,9,繁荣,
2356,栄える,さかえる,自動詞,9,兴旺,
2357,賑わう,にぎわう,自動詞,9,热闹,
2358,反する,はんする,自動詞,9,违反，相反,
2359,抗する,こうする,自動詞,9,抗拒,
2360,抵抗,ていこう,名詞/サ变,9,抵抗,
2361,反抗,はんこう,名詞/サ変,9,反抗,
2362,反骨,はんこつ,名詞,9,反骨,
2363,逆さま,さかさま,名詞/形容動詞,9,颠倒,
2364,逆らう,さからう,自動詞,9,违抗,
2365,違反,いはん,名詞/サ変,9,违反,
2366,犯す,おかす,他動詞,9,犯,
2367,比べる,くらべる,他動詞,9,比较,
2368,对する,たいする,自動詞,9,面对，相对,
2369,反発,はんぱつ,名詞/サ変,9,反抗,
2370,万能,ばんのう,名詞/形容動詞,9,万能，全能,
2371,万歳,ばんざい,名詞/サ変,9,万岁,
2372,万全,ばんぜん,名詞/形容動詞,9,万全,
2373,万事,バんじ,名詞,9,万事,
2374,半端,はんぱ,名詞/形容動詞,9,零散；不彻底,
2375,不揃い,ふそろい,名詞/形容動詞,9,不整齐,
2376,いい加減,いいかげん,名詞/形容動詞,9,马虎,
2377,役に立つ,やくにたつ,動詞句,9,起作用,
2378,一人前,いちにんまえ,名詞,9,成人，独当一面,
2379,反発,はんぱつ,名詞/サ変,9,反抗，反感；排斥,
2380,猛反対,もうはんたい,名詞/サ変,9,强烈反对,
2381,賛成,さんせい,名詞/サ変,9,赞成,
2382,従う,したがう,自動詞,9,服从,
2383,受け付ける,うけつける,他動詞,9,受理,
2384,活発,かっぱつ,名詞/形容動詞,9,活泼,
2385,触発,しょくはつ,名詞/サ変,9,触发,
2386,ひいては,ひいては,接続詞,9,不但~而且，进而,
2387,ひいて,ひいて,接続詞,9,进而,
2388,更に,さらに,副詞,9,进一步,
2389,控える,ひかえる,他動詞,9,控制，记录；临近,
2390,間近,まぢか,名詞/形容動詞,9,接近,
2391,控除,こうじょ,名詞/サ変,9,扣除,
2392,抑制,よくせい,名詞/サ変,9,抑制,
2393,抑える,おさえる,他動詞,9,压制,
2394,メモする,めもする,名詞/サ変,9,记录,
2395,書き留める,かきとめる,他動詞,9,记下,
2396,临む,のぞむ,自動詞,9,临近，参加,
2397,密か,ひそか,形容動詞,9,暗中，悄悄,
2398,こっそり,こっそり,副詞,9,悄悄地,
2399,こそこそ,こそこそ,副詞/サ変,9,偷偷摸摸,
2400,そっと,そっと,副詞/サ変,9,静静地,
2401,隠れる,かくれる,自動詞,9,躲藏,
2402,人目を避ける,ひとめをさける,動詞句,9,避人耳目,
2403,そっくり,そっくり,副詞/形容動詞,9,一模一样,
2404,浸す,ひたす,他動詞,9,浸泡,
2405,椎茸,しいたけ,名詞,9,香菇,
2406,浸かる,つかる,自動詞,9,浸泡,
2407,浸ける,つける,他動詞,9,浸，泡,
2408,只管,ひたすら,副詞,9,只顾，一味,
2409,専ら,もっぱら,副詞,9,专，专门,
2410,一途に,いちずに,副詞,9,一心一意,
2411,一筋,ひとすじ,名詞/副詞,9,一心一意,
2412,引っ掻く,ひっかく,他動詞,9,抓，挠,
2413,抱く,いだく,他動詞,9,抱,
2414,爪,つめ,名詞,9,指甲,
2415,掻く,かく,他動詞,9,抓，挠,
2416,痒い,かゆい,形容詞,9,痒,
2417,掻き回す,かきまわす,他動詞,9,搅拌,
2418,引っ掛かる,ひっかかる,自動詞,9,挂住；受骗,
2419,引っ掛ける,ひっかける,他動詞,9,挂上；欺骗,
2420,引っ付く,ひっつく,自動詞,9,黏住,
2421,引っ張る,ひっぱる,他動詞,9,拉,
2422,匹敵,ひってき,名詞/サ変,9,匹敌，比得上,
2423,素敵,すてき,形容動詞,9,极好,
2424,水滴,すいてき,名詞,9,水滴,
2425,適切,てきせつ,名詞/形容動詞,9,适当,
2426,敌う,かなう,自動詞,9,敌得过,
2427,叶う,かなう,自動詞,9,实现,
2428,等しい,ひとしい,形容詞,9,相等,
2429,人柄,ひとがら,名詞,9,人品，人格,
2430,気品,きひん,名詞,9,品格,
2431,人垣,ひとがき,名詞,9,人群,
2432,人波,ひとなみ,名詞,9,人潮,
2433,人混み,ひとごみ,名詞,9,人多,
2434,人出,ひとで,名詞,9,外出人群,
2435,人一倍,ひといちばい,名詞/副詞,9,比别人倍加,
2436,人質,ひとじち,名詞,9,人质,
2437,品質,しんしつ,名詞,9,品质,
2438,一筋,ひとすじ,名詞/副詞,9,一心一意,
2439,忍耐,にんたい,名詞/サ変,9,忍耐,
2440,苦労人,くろうにん,名詞,9,饱经风霜的人,
2441,挫ける,くじける,自動詞,9,受挫,
2442,辛抱,しんぼう,名詞/サ変,9,忍耐,
2443,凌ぐ,しのぐ,他動詞,9,忍受,
2444,耐える,たえる,自動詞,9,忍受,
2445,堪える,こらえる,他動詞,9,忍住,
2446,人目,ひとめ,名詞,9,众目睽睽,
2447,昼間,ひるま,名詞,9,白天,
2448,人目につく,ひとめにつく,動詞句,9,引人注目,
2449,一目,ひとめ,名詞/副詞,9,一眼,
2450,一目惚れ,ひとめぼれ,名詞/サ変,9,一见钟情,
2451,日取り,ひどり,名詞,9,日期，日程,
2452,日付,ひづけ,名詞,9,日期,
2453,日程,にってい,名詞,9,日程,
2454,スケジュール,すけじゅーる,名詞,9,时间表,
2455,日向,ひなた,名詞,9,朝阳的地方,
2456,日当たり,ひあたり,名詞,9,向阳,
2457,罅・皹,ひび,名詞,9,裂缝，裂纹,
2458,割れる,われる,自動詞,9,裂开,
2459,割れ目,われめ,名詞,9,裂缝,
2460,裂ける,さける,自動詞,9,裂开,
2461,裂け目,さけめ,名詞,9,裂缝,
2462,役目,やくめ,名詞,9,任务,
2463,控え目,ひかえめ,名詞/形容動詞,9,节制,
2464,冷やかす,ひやかす,他動詞,9,调侃，嘲弄,
2465,誂う,からかう,他動詞,9,戏弄,
2466,冗談を言う,じょうだんをいう,動詞句,9,开玩笑,
2467,冷やす,ひやす,他動詞,9,使冷,
2468,冷える,ひえる,自動詞,9,变冷,
2469,ひょっとしたら,ひょっとしたら,副詞,9,也许，或许,
2470,ひょっとすると,ひょっとすると,副詞,9,或许,
2471,もしかしたら,もしかしたら,副詞,9,或者,
2472,もしかすると,もしかすると,副詞,9,或许,
2473,ことによると,ことによると,副詞,9,或许,
2474,平たい,ひらたい,形容詞,9,扁平；浅显,
2475,平ら,たいら,名詞/形容動詞,9,平坦,
2476,凸凹,でこぼこ,名詞/形容動詞/サ変,9,不平,
2477,平手,ひらて,名詞,9,手掌,
2478,片手,かたて,名詞,9,单手,
2479,不意,ふい,名詞/形容動詞,9,冷不防，突然,
2480,突然,とつぜん,副詞/形容動詞,9,突然,
2481,突如,とつじょ,副詞,9,突如其来,
2482,いきなり,いきなり,副詞,9,突然,
2483,思いがけない,おもいがけない,形容詞,9,没想到,
2484,思いもよらない,おもいもよらない,形容詞句,9,意想不到,
2485,忽ち,たちまち,副詞,9,立刻,
2486,俄に,にわかに,副詞,9,突然,
2487,咄嗟に,とっさに,副詞,9,瞬间,
2488,ブーム,ぶーむ,名詞,9,流行，潮流,
2489,流行る,はやる,自動詞,9,流行,
2490,流行,りゅうこう,名詞/サ変,9,流行,
2491,盛ん,さかん,名詞/形容動詞,9,繁荣,
2492,衰える,おとろえる,自動詞,9,衰落,
2493,下火,したび,名詞,9,衰退,
2494,膨れる,ふくれる,自動詞,9,膨胀；不高兴,
2495,膨らむ,ふくらむ,自動詞,9,膨胀,
2496,含む,ふくむ,他動詞,9,包含,
2497,遅れる,おくれる,自動詞,9,迟,
2498,不機嫌,ふきげん,名詞/形容動詞,9,不高兴,
2499,相応しい,ふさわしい,形容詞,9,相称，相符,
2500,該当,がいとう,名詞/サ変,9,符合,
2501,似合う,にあう,自動詞,9,合适,
2502,相応,そうおう,名詞/形容動詞/サ変,9,相称,
2503,不審,ふしん,名詞/形容動詞,9,可疑,
2504,ぶらつく,ぶらつく,自動詞,9,闲逛,
2505,審査,しんさ,名詞/サ変,9,审查,
2506,審判,しんぱん,名詞/サ変,9,裁判,
2507,疑わしい,うたがわしい,形容詞,9,可疑,
2508,怪しい,あやしい,形容詞,9,可疑,
2509,物議,ぶつぎ,名詞,9,公众的批评,
2510,引き起こす,ひきおこす,他動詞,9,引起,
2511,大騒ぎ,おおさわぎ,名詞/サ変,9,大吵大闹,
2512,復旧,ふっきゅう,名詞/サ変,9,恢复原状,
2513,懸命,けんめい,名詞/形容動詞,9,拼命,
2514,修復,しゅうふく,名詞/サ変,9,修复,
2515,復唱,ふくしょう,名詞/サ変,9,复述,
2516,復調,ふくちょう,名詞/サ変,9,恢复正常,
2517,復帰,ふっき,名詞/サ変,9,回归,
2518,復興,ふっこう,名詞/サ変,9,复兴,
2519,回復,かいふく,名詞/サ変,9,恢复,
2520,不当,ふとう,名詞/形容動詞,9,不合理,
2521,不案内,ふあんない,名詞/形容動詞,9,不熟悉,
2522,不運,ふうん,名詞/形容動詞,9,不幸,
2523,不得手,ふえて,名詞/形容動詞,9,不擅长,
2524,不規則,ふきそく,名詞/形容動詞,9,不规则,
2525,不始末,ふしまつ,名詞,9,疏忽大意,
2526,始末,しまつ,名詞/サ変,9,处理,
2527,不順,ふじゅん,名詞/形容動詞,9,不正常,
2528,不備,ふび,名詞/形容動詞,9,不完善,
2529,不気味,ぶきみ,名詞/形容動詞,9,令人毛骨悚然,
2530,不器用,ぶきよう,名詞/形容動詞,9,笨拙,
2531,無難,ぶなん,名詞/形容動詞,9,无可厚非，稳妥,
2532,丁重,ていちょう,名詞/形容動詞,9,郑重,
2533,無理,むり,名詞/形容動詞/サ変,9,无理,
2534,無料,むりょう,名詞,9,免费,
2535,無事,ぶじ,名詞/形容動詞,9,平安,
2536,無愛想,ぶあいそう,名詞/形容動詞,9,冷淡,
2537,無遠慮,ぶえんりょ,名詞/形容動詞,9,不客气,
2538,無作法,ぶさほう,名詞/形容動詞,9,没规矩,
2539,無礼,ぶれい,名詞/形容動詞,9,无礼,
2540,作法,さほう,名詞,9,礼节,
2541,踏まえる,ふまえる,他動詞,9,根据，依据,
2542,踏む,ふむ,他動詞,9,踩,
2543,根拠,こんきょ,名詞,9,根据,
2544,前提,ぜんてい,名詞,9,前提,
2545,基づく,もとづく,自動詞,9,基于,
2546,踏み込む,ふみこむ,自動詞,9,跨进,
2547,ふらふら,ふらふら,副詞/サ変/形容動詞,9,摇晃，晕乎乎,
2548,よちよち,よちよち,副詞/サ変,9,东倒西歪,
2549,定まる,さだまる,自動詞,9,定下,
2550,ぶらぶら,ぶらぶら,副詞/サ変/形容動詞,9,溜达；赋闲,
2551,彷徨う,さまよう,自動詞,9,彷徨,
2552,うろうろ,うろうろ,副詞/サ変,9,徘徊,
2553,うろつく,うろつく,自動詞,9,闲逛,
2554,振り返る,ふりかえる,他動詞,9,回头看；回顾,
2555,振り向く,ふりむく,自動詞,9,回头,
2556,顧みる,かえりみる,他動詞,9,顾及；回顾,
2557,回顧,かいこ,名詞/サ変,9,回顾,
2558,振り出し,ふりだし,名詞,9,出发点，最初,
2559,出発点,しゅっぱつてん,名詞,9,出发点,
2560,震わせる,ふるわせる,他動詞,9,使~哆嗦,
2561,濡れる,ぬれる,自動詞,9,淋湿,
2562,ずぶ濡れ,ずぶぬれ,名詞,9,全身湿透,
2563,震える,ふるえる,自動詞,9,震动,
2564,紛失,ふんしつ,名詞/サ変,9,丢失,
2565,無くす,なくす,他動詞,9,丢,
2566,遺失,いしつ,名詞/サ変,9,丢失,
2567,落とす,おとす,他動詞,9,丢,
2568,紛れる,まぎれる,自動詞,9,混淆；排遣,
2569,失う,うしなう,他動詞,9,失去,
2570,占う,うらなう,他動詞,9,占卜,
2571,潤う,うるおう,自動詞,9,湿润,
2572,敬う,うやまう,他動詞,9,尊敬,
2573,疑う,うたがう,他動詞,9,怀疑,
2574,疑わしい,うたがわしい,形容詞,9,可疑,
2575,ふんだん,ふんだん,形容動詞,9,大量，很多,
2576,夥しい,おびただしい,形容詞,9,很多,
2577,幾多,いくた,名詞/副詞,9,许多,
2578,大量,たいりょう,名詞/形容動詞,9,大量,
2579,たくさん,たくさん,名詞/副詞/形容動詞,9,很多,
2580,莫大,ばくだい,名詞/形容動詞,9,莫大,
2581,少なくない,すくないくない,形容詞,9,不少,
2582,閉口,へいこう,名詞/サ変,9,受不了；闭口无言,
2583,問い詰める,といつめる,他動詞,9,追问,
2584,咎める,とがめる,自他動詞,9,责备,
2585,詰る,なじる,他動詞,9,责问,
2586,辟易,へきえき,名詞/サ変,9,感到为难，厌倦,
2587,うんざり,うんざり,副詞/サ変,9,厌烦,
2588,飽きる,あきる,自動詞,9,厌腻,
2589,ぺこぺこ,ぺこぺこ,形容動詞/副詞/サ変,9,饿；点头哈腰,
2590,上役,うわやく,名詞,9,上司,
2591,上,うえ,名詞,9,上,
2592,じょう,じょう,名詞,9,上,
2593,上手,じょうず,名詞/形容動詞,9,擅长,
2594,うわ,うわ,名詞,9,上,
2595,上値,うわね,名詞,9,高价,
2596,上回る,うわまわる,他動詞,9,超过,
2597,隔たる,へだたる,自動詞,9,距离，相隔,
2598,隔てる,へだてる,他動詞,9,隔开,
2599,離れる,はなれる,自動詞,9,离开,
2600,遠ざかる,とおざかる,自動詞,9,远离,
2601,弁解,べんかい,名詞/サ変,9,辩解,
2602,言い訳,いいわけ,名詞/サ変,9,辩解,
2603,弁明,べんめい,名詞/サ変,9,辩明,
2604,口実,こうじつ,名詞,9,借口,
2605,弁償,べんしょう,名詞/サ変,9,赔偿,
2606,勘弁,かんべん,名詞/サ変,9,原谅,
2607,合弁,ごうべん,名詞/サ変,9,合办,
2608,合同,ごうどう,名詞/形容動詞/サ変,9,联合,
2609,报じる,ほうじる,他動詞,9,报知；报答,
2610,報道,ほうどう,名詞/サ変,9,报道,
2611,報いる,むくいる,他動詞,9,报答,
2612,恩返し,おんがえし,名詞/サ変,9,报恩,
2613,茫然,ぼうぜん,副詞/サ変/形容動詞,9,茫然,
2614,呆然,ぼうぜん,副詞/サ変/形容動詞,9,发呆,
2615,放り出す,ほうりだす,他動詞,9,放弃，丢开,
2616,投げ出す,なげだす,他動詞,9,抛弃,
2617,そっちのけにする,そっちのけにする,動詞句,9,置之不理,
2618,綻びる,ほころびる,自動詞,9,开线；绽开,
2619,解ける,ほどける,自動詞,9,解开,
2620,裂ける,さける,自動詞,9,裂开,
2621,蕾,つぼみ,名詞,9,花蕾,
2622,发作,ほっさ,名詞,9,发作,
2623,没収,ぼっしゅう,名詞/サ変,9,没收,
2624,没頭,ぼっとう,名詞/サ変,9,埋头,
2625,取り組む,とりくむ,自動詞,9,致力于,
2626,打ち込む,うちこむ,自動詞,9,专心致志,
2627,専念,せんねん,名詞/サ変,9,专心,
2628,沈黙,ちんもく,名詞/サ変,9,沉默,
2629,沈没,ちんぼつ,名詞/サ変,9,沉没,
2630,取り上げる,とりあげる,他動詞,9,没收；吊销,
2631,奪う,うばう,他動詞,9,夺,
2632,発足,ほっそく,名詞/サ変,9,成立，开始活动,
2633,発起,ほっき,名詞/サ変,9,发起,
2634,発端,ほったん,名詞,9,发端,
2635,ほっと,ほっと,副詞/サ変,9,松了一口气,
2636,解ける,ほどける,自動詞,9,解开，松开,
2637,解く,ほどく,他動詞,9,解开,
2638,解ける,とける,自動詞,9,解决，解开,
2639,解く,とく,他動詞,9,解答，解开,
2640,施す,ほどこす,他動詞,9,施行；施舍,
2641,手当,てあて,名詞/サ変,9,医疗；津贴,
2642,恩恵,おんけい,名詞,9,恩赐,
2643,与える,あたえる,他動詞,9,给予,
2644,捧げる,ささげる,他動詞,9,奉献,
2645,差し上げる,さしあげる,他動詞,9,奉献（敬语）,
2646,ぼやく,ぼやく,自動詞,9,嘟囔，发牢骚,
2647,呟く,つぶやく,自動詞,9,嘟囔,
2648,囁く,ささやく,自動詞,9,耳语,
2649,ぶつぶつ,ぶつぶつ,副詞,9,嘟嘟囔囔,
2650,愚痴を零す,ぐちをこぼす,動詞句,9,发牢骚,
2651,零す,こぼす,他動詞,9,洒出；泄露,
2652,ぼやぼや,ぼやぼや,副詞/サ変,9,发呆,
2653,ぼんやり,ぼんやり,副詞/サ变,9,模糊；发呆,
2654,ぼやける,ぼやける,自動詞,9,模糊，不清楚,
2655,惚ける,とぼける,自動詞,9,装傻,
2656,惚れる,ほれる,自動詞,9,迷恋,
2657,滅びる,ほろびる,自動詞,9,灭亡，灭绝,
2658,滅ぼす,ほろぼす,他動詞,9,使灭亡,
2659,滅,めつ,名詞,9,灭,
2660,絶滅,ぜつめつ,名詞/サ変,9,绝灭,
2661,滅多に,めったに,副詞,9,几乎不,
2662,本格,ほんかく,名詞,9,正式，正规,
2663,画家,がか,名詞,9,画家,
2664,弟子,でし,名詞,9,弟子,
2665,本音,ほんね,名詞,9,真心话,
2666,建前,たてまえ,名詞,9,场面话,
2667,本気,ほんき,名詞/形容動詞,9,认真,
2668,本場,ほんば,名詞,9,原产地,
2669,本心,ほんしん,名詞,9,真心,
2670,本番,ほんばん,名詞,9,正式演出,
2671,本体,ほんたい,名詞,9,本体,
2672,前置き,まえおき,名詞/サ変,9,开场白,
2673,前向き,まえむき,名詞/形容動詞,9,向前,
2674,前書き,まえかき,名詞,9,序言,
2675,下書き,したがき,名詞/サ変,9,草稿,
2676,落書き,らくがき,名詞/サ変,9,涂鸦,
2677,賄う,まかなう,他動詞,9,维持，提供,
2678,賄賂,わいろ,名詞,9,贿赂,
2679,着服,ちゃくふく,名詞/サ変,9,侵吞，私吞,
2680,紛らわしい,まぎらわしい,形容詞,9,容易混淆，不易分辨,
2681,似通う,にかよう,自動詞,9,相似,
2682,类似,るいじ,名詞/サ変,9,类似,
2683,紛れる,まぎれる,自動詞,9,解闷，忘忧,
2684,気が紛れる,きがまぎれる,慣用句/動詞句,9,解闷，排解忧愁,
2685,紛失,ふんしつ,名詞/サ変,9,丢失,
2686,失う,うしなう,他動詞,9,失去,
2687,まごつく,まごつく,自動詞,9,茫然，不知所措,
2688,まごまご,まごまご,副詞/サ変,9,慌张，不知所措,
2689,まごつく,まごつく,自動詞,9,慌张，不知所措,
2690,うろうろ,うろうろ,副詞/サ变,9,徘徊,
2691,うろつく,うろつく,自動詞,9,徘徊,
2692,彷徨い,さまよい,名詞,9,彷徨，徘徊,
2693,ぶらぶら,ぶらぶら,副詞/サ变/形容動詞,9,溜达，闲逛,
2694,ぶらつく,ぶらつく,自動詞,9,溜达，闲逛,
2695,惑う,まどう,自動詞,9,茫然,
2696,当惑,とうわく,名詞/サ変,9,茫然,
2697,思惑,おもわく,名詞,9,想法，期望,
2698,悟る,さとる,他動詞,9,醒悟，明白,
2699,正しく,まさしく,副詞,9,的确，没错,
2700,食器,しょっき,名詞,9,餐具,
2701,芸術,げいじゅつ,名詞,9,艺术,
2702,当に,まさに,副詞,9,肯定地判断,
2703,まちがいなく,まちがいなく,副詞,9,肯定，一定,
2704,てっきり,てっきり,副詞,9,肯定地判断，一定,
2705,交える,まじえる,他動詞,9,参杂，夹杂；交换,
2706,混ぜる・交ぜる,まぜる,他動詞,9,混合,
2707,混じる・交じる,まじる,自動詞,9,混合,
2708,交換,こうかん,名詞/サ変,9,交换,
2709,交わす,かわす,他動詞,9,交换,
2710,やりとり,やりとり,名詞/サ変,9,往来,
2711,交わる,まじわる,自動詞,9,交叉；交往，交际,
2712,付き合う,つきあう,自動詞,9,交往，交际,
2713,況して,まして,副詞,9,何况，况且,
2714,堪える,こたえる,自動詞,9,忍受,
2715,なおいそう,なおいっそう,副詞,9,越发，更加,
2716,ことさら,ことさら,副詞/形容動詞,9,越发，更加,
2717,さらに,さらに,副詞,9,更加,
2718,一段と,いちだんと,副詞,9,更加,
2719,跨る,またがる,自動詞,9,横跨,
2720,登山,とざん,名詞/サ変,9,登山,
2721,登顶,とうちょう,名詞/サ変,9,登顶,
2722,待ち遠しい,まちどおしい,形容詞,9,盼望，急切等待,
2723,待ち望む,まちのぞむ,他動詞,9,期待，殷切希望,
2724,疎ら,まばら,形容動詞,9,稀疏，稀少,
2725,疎か,おろそか,形容動詞,9,疏忽,
2726,僅か,わずか,副詞/形容動詞,9,仅，一点点,
2727,滅多に,めったに,副詞,9,极少,
2728,たまに,たまに,副詞,9,偶尔,
2729,免れる,まぬがれる,他動詞,9,避免，摆脱,
2730,逃れる,のがれる,自動詞,9,逃脱,
2731,避ける,さける,他動詞,9,回避,
2732,逃す,のがす,他動詞,9,放过，错过,
2733,免许,めんきょ,名詞/サ変,9,执照,
2734,免除,めんじょ,名詞/サ変,9,免除,
2735,まるっきり,まるっきり,副詞,9,全然，根本,
2736,ちっとも,ちっとも,副詞,9,一点也不,
2737,すこしも,すこしも,副詞,9,一点也不,
2738,さっぱり,さっぱり,副詞,9,全然,
2739,一向に,いっこうに,副詞,9,全然,
2740,まったく,まったく,副詞,9,完全,
2741,满场,まんじょう,名詞,9,全场,
2742,否決,ひけつ,名詞/サ変,9,否决,
2743,見合わせる,みあわせる,他動詞,9,暂停，推迟；比较，对照,
2744,諸条件,しょじょうけん,名詞,9,各种条件,
2745,照らし合わせる,てらしあわせる,他動詞,9,对比，参照,
2746,照合,しょうごう,名詞/サ変,9,对比，参照,
2747,見落とす,みおとす,他動詞,9,忽视，漏看，看漏,
2748,見逃す,みのがす,他動詞,9,宽恕，饶恕；放过、错过机会；漏看，看漏,
2749,見込み,みこみ,名詞,9,估计，猜测,
2750,見積もり,みつもり,名詞/サ変,9,估价（费用）,
2751,見抜く,みぬく,他動詞,9,看穿，看透,
2752,見なす,みなす,他動詞,9,看作，视为,
2753,見通す,みとおす,他動詞,9,眺望；估计，猜测,
2754,見計らう,みはからう,他動詞,9,斟酌，估摸着,
2755,見晴らす,みはらす,他動詞,9,眺望，远望,
2756,見晴らし,みはらし,名詞,9,景色，景致,
2757,見渡す,みわたす,他動詞,9,眺望，环视，放眼望去,
2758,見渡す限り,みわたすかぎり,連語/副詞句,9,一望无际,
2759,見守る,みまもる,他動詞,9,照顾，照料，守护,
2760,見落とす,みおとす,他動詞,9,看漏，忽略,
2761,見下ろす,みおろす,他動詞,9,俯视,
2762,見下げる,みさげる,他動詞,9,轻视，瞧不起,
2763,見上げる,みあげる,他動詞,9,仰视，尊敬,
2764,見苦しい,みぐるしい,形容詞,9,难堪，没面子,
2765,醜い,みにくい,形容詞,9,丑陋，难看，可耻,
2766,みっともない,みっともない,形容詞,9,难看，不体面，丢脸,
2767,不格好,ぶっかこう,名詞/形容動詞,9,不好看,
2768,みじん,みじん,名詞/副詞,9,一点儿也不,
2769,设ける,もうける,他動詞,9,设立,
2770,儲ける,もうける,他動詞,9,赚钱,
2771,稼ぐ,かせぐ,他動詞,9,赚钱,
2772,見窄らしい,みすぼらしい,形容詞,9,寒惨，破旧,
2773,华々しい,はなばなしい,形容詞,9,华丽的,
2774,見せびらかす,みせびらかす,他動詞,9,卖弄，炫耀,
2775,光らす,ひからす,他動詞,9,使发光，使闪耀,
2776,見せる,みせる,他動詞,9,展现,
2777,ひからす,ひからす,他動詞,9,发光发亮,
2778,满たす,みたす,他動詞,9,满足,
2779,達成,たっせい,名詞/サ変,9,达成,
2780,叶う,かなう,自動詞,9,实现,
2781,密集,みっしゅう,名詞/サ変,9,密集，稠密,
2782,瞬く,またたく,自動詞,9,眨眼，瞬间，闪烁,
2783,密接,みっせつ,名詞/サ変/形容動詞,9,密切,
2784,身なり,みなり,名詞,9,装束，服饰,
2785,立派,りっぱ,名詞/形容動詞,9,气派，宏伟,
2786,見窄らしい,みすぼらしい,形容詞,9,寒惨，破旧,
2787,身の上,みのうえ,名詞,9,身世，境遇,
2788,占う,うらなう,他動詞,9,占卜,
2789,運命,うんめい,名詞,9,命运,
2790,境遇,きょうぐう,名詞,9,境遇,
2791,身の回り,みのまわり,名詞,9,身边衣物；日常生活,
2792,世辞,せじ,名詞,9,奉承，恭围，谄媚,
2793,身振り,みぶり,名詞,9,姿态，动作,
2794,手振り,てぶり,名詞,9,手上的动作,
2795,未練,みれん,名詞/形容動詞,9,依恋，恋恋不舍,
2796,無口,むくち,名詞/形容動詞,9,沈默寡言,
2797,口重,くちおも,名詞/形容動詞,9,不爱说话,
2798,無言,むごん,名詞,9,不爱说话,
2799,沈黙,ちんもく,名詞/サ変,9,沉默,
2800,黙る,だまる,自動詞,9,沉默，不说话,
2801,闭口,へいこう,名詞/サ変,9,哑口无言；吃不消，扛不住,
2802,利口,りこう,名詞/形容動詞,9,聪明，机灵,
2803,手口,てぐち,名詞,9,手法，伎俩,
2804,早口,はやくち,名詞/形容動詞,9,语速快,
2805,糸口,いとぐち,名詞,9,线索，头绪,
2806,手がかり,てがかり,名詞,9,线索，头绪,
2807,無駄遣い,むだづかい,名詞/サ変,9,浪费,
2808,金遣い,かねずかい,名詞,9,花钱,
2809,言葉遣い,ことばづかい,名詞,9,遣词造句，措辞,
2810,気遣い,きづかい,名詞/サ変,9,担心，忧虑,
2811,心遣い,こころづかい,名詞/サ変,9,关心，关照,
2812,小遣い,こづかい,名詞,9,零花钱,
2813,無茶,むちゃ,名詞/形容動詞,9,胡乱，乱来,
2814,荒い,あらい,形容詞,9,胡来，胡作非为,
2815,乱暴,らんぼう,名詞/形容動詞/サ変,9,粗暴,
2816,暴れる,あばれる,自動詞,9,闹腾，大闹,
2817,やたらに,やたらに,副詞,9,胡乱，乱来,
2818,空しい,むなしい,形容詞,9,空虚；白白，徒然,
2819,虚ろ,うつろ,名詞/形容動詞,9,空虚，空洞,
2820,儚い,はかない,形容詞,9,空虚，空洞,
2821,無駄,むだ,名詞/形容動詞,9,没用，浪费,
2822,無闇に,むやみに,副詞/形容動詞,9,过度，过分；随便，轻率,
2823,明白,めいはく,名詞/形容動詞,9,明显,
2824,明らか,あきらか,形容動詞,9,明显,
2825,はっきり,はっきり,副詞/サ变,9,清楚,
2826,くっきり,くっきり,副詞,9,鲜明,
2827,明瞭,めいりょう,名詞/形容動詞/サ变,9,明确，清楚,
2828,聞き取る,ききとる,他動詞,9,听懂，听清楚,
2829,目先,めさき,名詞,9,眼前，眼下,
2830,目下,もっか,名詞/副詞,9,目前，眼下，当前正在进行,
2831,目今,もっこん,名詞/副詞,9,最近，近来,
2832,目前,もくぜん,名詞/副詞,9,目前，当前,
2833,めきめき,めきめき,副詞,9,进步发展迅速，显著,
2834,目処,めど,名詞,9,目标,
2835,目標,もくひょう,名詞,9,目标,
2836,的,まと,名詞,9,目标,
2837,目当て,めあて,名詞,9,目标,
2838,見当,けんとう,名詞,9,估计，目标,
2839,面目,めんぼく,名詞,9,脸面,
2840,推薦,すいせん,名詞/サ変,9,推荐,
2841,薦め,すすすめ,名詞,9,推荐,
2842,恥,はじ,名詞,9,羞耻,
2843,恥をかく,はじをかく,慣用句/動詞句,9,丢脸,
2844,目処を立たない,めどをたたない,慣用句/動詞句,9,丢脸,
2845,設ける,もうける,他動詞,9,设立,
2846,設置,せっち,名詞/サ変,9,设置,
2847,儲ける,もうける,他動詞,9,赚钱,
2848,稼ぐ,かせぐ,他動詞,9,赚钱,
2849,蓄える,たくわえる,他動詞,9,储蓄，积蓄,
2850,貯める,ためる,他動詞,9,积蓄,
2851,積む,つむ,他動詞,9,堆积,
2852,備える,そなえる,他動詞,9,准备，防备，具备,
2853,申し入れる,もうしいれる,他動詞,9,提出意见、希望、要求,
2854,言い入れる,いいいれる,他動詞,9,转达，传告,
2855,申し出る,もうしでる,他動詞,9,报名，提出,
2856,言い出る,いいでる,他動詞,9,开始说，开口，提出,
2857,申し分,もうしぶん,名詞,9,缺点，欠缺,
2858,欠点,けってん,名詞,9,缺点，短处,
2859,申す,もうす,他動詞,9,说（自谦语）,
2860,言う,いう,他動詞,9,说,
2861,言い分,いいぶん,名詞,9,主张，意见，辩解,
2862,申し訳,もうしわけ,名詞,9,辩解,
2863,言い訳,いいわけ,名詞/サ変,9,辩解,
2864,申し合わせる,もうしあわせる,他動詞,9,约定，商定,
2865,申し送る,もうしおくる,他動詞,9,通知，转告,
2866,申し付ける,もうしつける,他動詞,9,吩咐，命令,
2867,言いつける,いいつける,他動詞,9,吩咐，命令,
2868,藻掻く,もがく,自動詞,9,挣扎,
2869,溺れる,おぼれる,自動詞,9,溺水,
2870,目論み,もくろみ,名詞,9,计划，策划，企图,
2871,競馬,けいば,名詞,9,赛马,
2872,競争,きょうそう,名詞/サ変,9,竞争,
2873,一儲け,ひともうけ,名詞/サ变,9,大赚一笔,
2874,大損,だいそん,名詞/サ变,9,亏损,
2875,目論む,もくろむ,他動詞,9,计划，策划，打算,
2876,图る・谋る,はかる,他動詞,9,计划，谋划,
2877,企む,たくらむ,他動詞,9,企图,
2878,もしくは,もしくは,接続詞,9,或者,
2879,あるいは,あるいは,接続詞,9,或者,
2880,または,または,接続詞,9,或者,
2881,齎す,もたらす,他動詞,9,带来，造成,
2882,投手力,とうしゅりょく,名詞,9,投手能力,
2883,充実,じゅうじつ,名詞/サ変,9,充实,
2884,招く,まねく,他動詞,9,招致,
2885,目下,もっか,名詞/副詞,9,当前，目前,
2886,専ら,もっぱら,副詞,9,主要，净,
2887,一筋,ひとすじ,名詞/副詞,9,一心一意，只,
2888,一途に,いちずに,副詞,9,一心一意，只,
2889,持て成す,もてなす,他動詞,9,款待，招待,
2890,奢る,おごる,他動詞,9,招待，请客,
2891,誘う,さそう,他動詞,9,邀请,
2892,振る舞う,ふるまう,自動詞/他動詞,9,请客；表现,
2893,ご馳走する,ごちそうする,他動詞/サ変,9,请客,
2894,物足りない,ものたりない,形容詞,9,不满意的，有欠缺的,
2895,もはや,もはや,副詞,9,已经,
2896,もう,もう,副詞,9,已经,
2897,既に,すでに,副詞,9,已经,
2898,とっくに,とっくに,副詞,9,早已，早就,
2899,揉める,もめる,自動詞,9,发生争执，起纠纷,
2900,配分,はいぶん,名詞/サ変,9,分配，分摊,
2901,割り当てる,わりあてる,他動詞,9,分配，分摊,
2902,揉む,もむ,他動詞,9,揉搓；按摩；磨练，锤炼,
2903,肩を揉む,かたをもむ,動詞句,9,揉肩,
2904,肩が凝る,かたがこる,動詞句,9,疲惫,
2905,揉め事,もめごと,名詞,9,纠纷，争执,
2906,争い,あらそい,名詞,9,争执,
2907,トラブル,とらぶる,名詞/サ変,9,纠纷,
2908,催す,もよおす,他動詞/自動詞,9,感觉要，有~征兆；召开，举办,
2909,眠気,ねむけ,名詞,9,困意,
2910,行う,おこなう,他動詞,9,进行，举办,
2911,開催,かいさい,名詞/サ变,9,举办,
2912,催促,さいそく,名詞/サ变,9,催促,
2913,急かす,せかす,他動詞,9,催促,
2914,漏らす,もらす,他動詞,9,泄露,
2915,漏れる,もれる,自動詞,9,泄露,
2916,零す,こぼす,他動詞,9,液体撒，漏,
2917,表す,あらわす,他動詞,9,表露感情,
2918,隠す,かくす,他動詞,9,隐瞒，隐藏,
2919,脆い,もろい,形容詞,9,易坏，脆弱,
2920,やけに,やけに,副詞,9,表示程度，~得厉害、要命,
2921,極めて,きわめて,副詞,9,极其,
2922,ひどく,ひどく,副詞,9,非常，厉害,
2923,甚だ,はなはだ,副詞,9,非常,
2924,養う,やしなう,他動詞,9,养活；调养；培养,
2925,育てる,そだてる,他動詞,9,养育,
2926,扶養,ふよう,名詞/サ変,9,扶养,
2927,養成,ようせい,名詞/サ変,9,培养（人、人才）,
2928,栄養,えいよう,名詞,9,营养,
2929,失う,うしなう,他動詞,9,失去,
2930,労る,いたわる,他動詞,9,体贴，照顾，安慰,
2931,担う,になう,他動詞,9,承担，担负,
2932,担ぐ,かつぐ,他動詞,9,抬，抗；承担,
2933,掲げる,かかげる,他動詞,9,举起，悬挂；提出，刊登,
2934,ややこしい,ややこしい,形容詞,9,复杂，麻烦,
2935,煩わしい,わずらわしい,形容詞,9,繁琐，麻烦,
2936,煩う,わずらう,自動詞,9,烦恼,
2937,面倒くさい,めんどうくさい,形容詞,9,麻烦,
2938,厄介,やっかい,名詞/形容動詞,9,麻烦,
2939,億劫,おっくう,形容動詞,9,麻烦，懒得做,
2940,遣り通す,やりとおす,他動詞,9,做到底,
2941,～通す,とおす,接尾辞,9,坚持到底，做到底,
2942,融通,ゆうずう,名詞/サ変,9,通融（金钱）；随机应变,
2943,融通がきく,ゆうずうがきく,慣用句,9,随机应变,
2944,歪む,ゆがむ,自動詞,9,歪曲，变形,
2945,曲がる,まがる,自動詞,9,弯曲,
2946,捻れる,ねじれる,自動詞,9,扭曲,
2947,拝む,おがむ,他動詞,9,祈求，崇拜，恳求，叩拜,
2948,ゆとり,ゆとり,名詞,9,余裕，余地（金钱，时间）,
2949,揺らぐ,ゆらぐ,自動詞,9,摇动，摇晃,
2950,揺れる,ゆれる,自動詞,9,摇晃,
2951,揺さぶる,ゆさぶる,他動詞,9,摇晃；感到震撼,
2952,緩む,ゆるむ,自動詞,9,松动；松懈；缓和，放宽,
2953,緩める,ゆるめる,他動詞,9,使~松懈,
2954,緩い,ゆるい,形容詞,9,松的,
2955,緩やか,ゆるやか,形容動詞,9,缓和，舒缓,
2956,気が弛む,きがたるむ,慣用句,9,精神放松,
2957,緩和,かんわ,名詞/サ変,9,缓和，放宽,
2958,危ぶむ,あやぶむ,他動詞,9,担心，怀疑，感到危险,
2959,意気込む,いきごむ,自動詞,9,有干劲，精神振奋,
2960,励む,はげむ,自動詞,9,下功夫，努力,
2961,挑む,いどむ,自動詞,9,挑战,
2962,揉む,もむ,他動詞,9,按摩，揉搓；锤炼，磨练,
2963,目論む,もくろむ,他動詞,9,计划，打算,
2964,企む,たくらむ,他動詞,9,企图，计划，打算,
2965,羨む,うらやむ,他動詞,9,羡慕,
2966,妬む,ねたむ,他動詞,9,嫉妒,
2967,恨む,うらむ,他動詞,9,恨,
2968,慎む,つつしむ,他動詞,9,谨慎,
2969,和む,なごむ,自動詞,9,平和,
2970,絡む,からむ,自動詞,9,缠绕，纠缠不休，有~关联,
2971,嵩む,かさむ,自動詞,9,数量、费用多,
2972,嵩張る,かさばる,自動詞,9,体积大,
2973,惜しむ,おしむ,他動詞,9,珍惜，惋惜,
2974,悔やむ,くやむ,他動詞,9,懊恼，悔恨,
2975,萎む,しぼむ,自動詞,9,枯萎，打蔫,
2976,萎える,なえる,自動詞,9,衰弱，无力，枯萎,
2977,避ける,よける,他動詞,9,躲避,
2978,貯める・溜める,ためる,他動詞,9,积攒,
2979,貯まる・溜まる,たまる,自動詞,9,积攒,
2980,水たまり,みずたまり,名詞,9,水坑，水洼,
2981,避ける,さける,他動詞,9,避免,
2982,よそ見,よそみ,名詞/サ変,9,东张西望,
2983,他所を見る,よそをみる,慣用句,9,看别处,
2984,脇見,わきみ,名詞/サ変,9,侧目，往旁边看,
2985,脇を見る,わきをみる,慣用句,9,看旁边,
2986,余地,よち,名詞,9,空地，余地,
2987,空き地,あきち,名詞,9,空旷的土地,
2988,ゆとり,ゆとり,名詞,9,余裕,
2989,夜更かし,よふかし,名詞/サ変,9,熬夜,
2990,夜を徹する,よをてっする,サ変,9,彻夜，熬夜,
2991,彻夜,てつや,名詞/サ変,9,熬夜,
2992,夜更け,よふけ,名詞,9,深夜,
2993,深夜,しんや,名詞,9,深夜,
2994,夜中,よなか,名詞,9,半夜,
2995,よほど,よほど,副詞,9,很，颇，相当,
2996,怒る,おこる・いかる,自動詞,9,怒，生气,
2997,ずいぶん,ずいぶん,副詞,9,相当，非常,
2998,相当,そうとう,副詞/形容動詞,9,相当,
2999,かなり,かなり,副詞,9,颇,
3000,甚だ,はなはだ,副詞,9,很,
3001,寄り掛かる,よりかかる,自動詞,9,依偎，倚靠；依赖,
3002,支える,ささえる,他動詞,9,支撑,
3003,支援,しえん,名詞/サ変,9,支援,
3004,寄る,よる,自動詞,9,靠近，挨近；顺路,
3005,寄り合う,よりあう,自動詞,9,靠近，挨近,
3006,寄り添う,よりそう,自動詞,9,贴近，挨近,
3007,寄り付く,よりつく,自動詞,9,靠近，接近,
,,,,9,,
,,,,9,,
,,,,9,,
,,,,9,,
,,,,9,,
,,,,9,,
,,,,9,,
,,,,9,,
,,,,9,,
,,,,9,,
,,,,9,,
,,,,9,,
,,,,9,,
,,,,9,,
,,,,9,,
,,,,9,,
,,,,9,,
,,,,9,,
,,,,9,,
,,,,9,,
,,,,9,,
,,,,9,,
,,,,9,,
,,,,9,,
,,,,9,,
,,,,9,,
,,,,9,,
,,,,9,,
,,,,9,,
,,,,9,,
,,,,9,,
,,,,9,,
,,,,9,,
,,,,9,,
,,,,9,,
,,,,9,,
,,,,9,,
,,,,9,,
,,,,9,,
,,,,9,,
,,,,9,,
,,,,9,,
,,,,9,,
,,,,9,,
,,,,9,,
,,,,9,,
,,,,9,,
,,,,9,,
,,,,9,,
,,,,9,,
,,,,9,,
,,,,9,,
,,,,9,,
,,,,9,,
,,,,9,,
,,,,9,,
,,,,9,,
,,,,9,,
,,,,9,,
,,,,9,,
,,,,9,,
,,,,9,,
,,,,9,,
,,,,9,,
,,,,9,,
,,,,9,,
,,,,9,,
,,,,9,,
,,,,9,,
,,,,9,,
,,,,9,,
,,,,9,,
,,,,9,,
,,,,9,,
,,,,9,,
,,,,9,,
,,,,9,,
,,,,9,,
,,,,9,,
,,,,9,,
,,,,9,,
,,,,9,,
,,,,9,,
,,,,9,,
,,,,9,,
,,,,9,,
,,,,9,,
,,,,9,,
,,,,9,,
,,,,9,,
,,,,9,,
,,,,9,,
,,,,9,,
,,,,9,,
,,,,9,,
,,,,9,,
,,,,9,,
,,,,9,,
,,,,9,,
,,,,9,,
,,,,9,,
,,,,9,,
,,,,9,,
,,,,9,,
,,,,9,,
,,,,9,,
,,,,9,,
,,,,9,,
,,,,9,,
,,,,9,,
,,,,9,,
,,,,9,,
,,,,9,,
,,,,9,,
,,,,9,,
,,,,9,,
,,,,9,,
,,,,9,,
,,,,9,,
,,,,9,,
,,,,9,,
,,,,9,,
,,,,9,,
,,,,9,,
,,,,9,,
,,,,9,,
,,,,9,,
,,,,9,,
,,,,9,,
,,,,9,,
,,,,9,,
,,,,9,,
,,,,9,,
,,,,9,,
,,,,9,,
,,,,9,,
,,,,9,,
,,,,9,,
,,,,9,,
,,,,9,,
,,,,9,,
,,,,9,,
,,,,9,,
,,,,9,,
,,,,9,,
,,,,9,,
,,,,9,,
,,,,9,,
,,,,9,,
,,,,9,,
,,,,9,,
,,,,9,,
,,,,9,,
,,,,9,,
,,,,9,,
,,,,9,,
,,,,9,,
,,,,9,,
,,,,9,,
,,,,9,,
,,,,9,,
,,,,9,,
,,,,9,,
,,,,9,,
,,,,9,,
,,,,9,,
,,,,9,,
,,,,9,,
,,,,9,,
,,,,9,,
,,,,9,,
,,,,9,,
,,,,9,,
,,,,9,,
,,,,9,,
,,,,9,,
,,,,9,,
,,,,9,,
,,,,9,,
,,,,9,,
,,,,9,,
,,,,9,,
,,,,9,,
,,,,9,,
,,,,9,,
,,,,9,,
,,,,9,,
,,,,9,,
,,,,9,,
,,,,9,,
,,,,9,,
,,,,9,,
,,,,9,,
,,,,9,,
,,,,9,,
,,,,9,,
,,,,9,,
,,,,9,,
,,,,9,,
,,,,9,,
